name,provider,provinces,basis,provider_type,eligibility_raw,income_cap_pkr,min_merit_pct,coverage,source_url
Benazir/Ehsaas Undergraduate Scholarship Program,Higher Education Commission (HEC) / BISP,Federal / National,Need + Merit,Government,"Newly enrolled undergrad students at HEC-recognized public universities; family income ≤ PKR 45,000/month",45000,,"Full tuition + registration/exam/library fees + ~PKR 4,000/month stipend",https://ehsaas.hec.gov.pk
HEC Need Based Scholarship Program (NBS),Higher Education Commission (HEC),Federal / National,Need-based,Government,Financially disadvantaged students at participating public sector universities,,,Tuition fee + stipend,https://www.hec.gov.pk/english/scholarshipsgrants/NBS/Pages/default.aspx
Pak-USAID Merit and Needs-Based Scholarship Program,USAID + HEC,Federal / National,Need + Merit,Government,"Talented, financially disadvantaged students at partner universities",,,Full/partial tuition + financial support,https://www.hec.gov.pk/english/scholarshipsgrants/USAID-NeedsBased/Pages/default.aspx
"HEC Learning Opportunities Abroad (Chinese Govt, Commonwealth, Hungarian etc.)","HEC (foreign-funded, via diplomatic channel)","Azad Jammu & Kashmir, Federal / National, International",Merit-based,International,Pakistani/AJK nationals meeting HAT/USAT test requirements,,,Full/partial funding per host country,https://www.hec.gov.pk/english/scholarshipsgrants/lao/pages/default.aspx
Pakistan Bait-ul-Mal (PBM) Individual Financial Assistance - Education,Pakistan Bait-ul-Mal (federal),Federal / National,Need-based,Government,Poor/orphaned/disabled students in GOVERNMENT institutions only (not self-finance/private),,,"Direct fee payment to institution, up to ~PKR 150,000/year",https://www.pbm.gov.pk/education.html
Federal Employees Benevolent & Group Insurance Fund (FEB&GIF) - Educational Stipend/Fee Reimbursement,FEB&GIF (Establishment Division),Federal / National,Merit-based,Government,Children of serving/retired/deceased federal govt employees,,,"Stipend ~PKR 20,000-40,000/yr; fee reimbursement up to ~PKR 100,000/yr for professional degrees",https://febgif.gov.pk
Workers Welfare Fund (WWF) Education Scholarship,Workers Welfare Fund (federal),Federal / National,Need-based,Government,Children of registered industrial workers (3+ yrs registration),,,"Free tuition/admission/hostel/exam fees + monthly stipend, up to postgrad",https://wwf.gov.pk
IGNITE / Prime Minister's National ICT Scholarship Program,"Ignite National Technology Fund, Ministry of IT",Federal / National,Need + Merit,Government,Students admitted to 4-yr undergrad ICT-discipline degrees,,,Full tuition + boarding + book/food allowance + stipend for 4 years,https://ignite.org.pk/prime-ministers-national-ict-scholarship-program/
Allama Muhammad Iqbal Scholarships for Afghan Student (Phase-III),HEC + Ministry of Foreign Affairs,Federal / National,Merit-based,Government,"Afghan nationals, 12 yrs schooling for UG entry (NOT for Pakistani citizens)",,,Fully funded: tuition + living + book + hostel + travel allowance,https://www.hec.gov.pk/english/scholarshipsgrants/amisp/Pages/default.aspx
Ministry of Religious Affairs - Minority Merit Scholarship,Ministry of Religious Affairs & Interfaith Harmony,Federal / National,Merit-based,Government,Minority (non-Muslim) students,,,Scholarship on merit; amounts not fully published,https://mora.gov.pk/JobDetail/ODg0N2I0NDAtODZmNi00NjlhLWFlMGYtY2M3YzNlM2Y4MmVh
Prime Minister's Youth Laptop Scheme (PMYLS),PM Youth Programme / HEC,"Gilgit-Baltistan, Azad Jammu & Kashmir, Federal / National",Merit-based,Government,Public-sector university students meeting merit threshold,,,LAPTOP DISTRIBUTION ONLY - not a cash/tuition scholarship,https://laptop.pmyp.gov.pk
National Bank of Pakistan (NBP) Student Loan Scheme,"National Bank of Pakistan (govt-mandated, SBP oversight)",Federal / National,Merit-based,Government,Merit admission at public universities; min 70% in previous exam,,70,Interest-free loan: tuition/fees/books/boarding (repayable after studies),https://www.nbp.com.pk
HEC Undergraduate Scholarship Program for Gilgit-Baltistan Students,"HEC + Directorate of Higher Education (Colleges), GB",Gilgit-Baltistan,Need + Merit,Government,GB domicile students admitted to top public sector universities,,,Tuition + stipend,https://www.hec.gov.pk/english/scholarshipsgrants/USP-GB
HEC Talent Hunt Youth Sports League / Pakistan University Sports Board (PUSB) support,HEC (with Pakistan Sports Board patronage),Federal / National,Merit-based,Government,High-performing student-athletes,,,"Scholarships for higher education + coaching, medals, prize money",https://www.hec.gov.pk/english/services/students/Sports/Pages/THYSL.aspx
NAVTTC Skill Development Program (Prime Minister's Youth Skill Development Program),NAVTTC (federal),Federal / National,Need + Merit,Government,Youth in technical/vocational training (some IT tracks admit bachelor's students/grads),,,"FREE TRAINING + STIPEND (~PKR 3,000-5,000/month) + toolkit - not a degree scholarship",https://navttc.gov.pk
Punjab Educational Endowment Fund (PEEF) Undergraduate Scholarship,Punjab Educational Endowment Fund,Punjab,Need + Merit,Government,"Talented, financially deserving students of Punjab",,,Tuition fee + stipend,https://www.peef.org.pk
PEEF Special Quota Scholarship,Punjab Educational Endowment Fund,Punjab,Need-based,Government,"Orphans, BPS 1-4 govt employees' children, disabled, minorities, martyrs' children",,,Tuition fee + stipend (20% special quota),https://www.peef.org.pk/scholarships
Chief Minister's Honhaar Undergraduate Scholarship Program,Punjab HEC (PHEC) / Govt of Punjab,Punjab,Need + Merit,Government,"Punjab domicile, age ≤22, family income <PKR 300,000/month, 68 selected disciplines at 50+ universities",300000,,100% tuition fee coverage,https://honhaarscholarship.punjabhec.gov.pk
Punjab Zakat & Ushr Department - Educational Stipends (General),Punjab Zakat & Ushr Department (via Local Zakat Committees),Punjab,Need-based,Government,Poor/deserving Muslim students in govt-recognized colleges/universities,,,"PKR 15,000/yr (BS/Grad/PG); PKR 20,000/yr (Engineering/Medical/CS); PKR 10,000/yr Intermediate",https://zakat.punjab.gov.pk/education-stipends-general
Punjab Bait-ul-Maal - Education Stipend,Punjab Bait-ul-Maal Council,Punjab,Need-based,Government,Deserving/underprivileged students (apply via District Bait-ul-Maal Committee),,,Stipend determined case-by-case by District Committee,https://baitulmaal.punjab.gov.pk/education_stipend
Punjab Government Servants Benevolent Fund - Education Scholarships,Punjab Benevolent Fund,Punjab,Need + Merit,Government,Children of Punjab government servants,,,"Scholarships incl. PKR 50,000 for 90%+ scorers",https://pbf.punjab.gov.pk
Punjab Police Welfare Fund - Education Scholarships,Punjab Police Welfare Fund,Punjab,Need + Merit,Government,Children of serving/retired/martyred police personnel,,,"Intermediate PKR 15,000-20,000/yr; Graduation PKR 20,000-25,000/yr; higher for MA/MSc/MPhil; PKR 20,000 books allowance for top-5 HEC universities",https://punjabpolice.gov.pk/police_welfare
Punjab Workers Welfare Fund (PWWF) - Talent Scholarship,Punjab Workers Welfare Board/Fund,Punjab,Need + Merit,Government,Children of registered workers (3+ yrs service),,,"Tuition + educational-cost coverage, primary through PhD",https://pwwf.punjab.gov.pk/scholarship
Punjab Human Rights & Minorities Affairs Dept - Minority Scholarship,"HR & Minorities Affairs Dept, Govt of Punjab (via PITB/PEEF)",Punjab,Merit-based,Government,"Religious-minority students with Punjab domicile, matric to master's level",,,"Amounts vary by level (~PKR 30,000-100,000 per aggregators; confirm officially)",https://hrma.punjab.gov.pk/educational-scholarship
PEEF Scholarship for Gilgit-Baltistan Students (cross-region quota),"PEEF + Directorate of Higher Education (Colleges), GB",Gilgit-Baltistan,Need + Merit,Government,"GB domicile, govt school/college pass-outs, ≥60% marks, income ≤PKR 60,000/month",60000,60,Tuition fee + stipend,https://www.peef.org.pk/other-provinces
PEEF Scholarship for Balochistan Students (cross-region quota),Punjab Educational Endowment Fund,Balochistan,Need + Merit,Government,"Balochistan domicile, ≥60% marks or 2.5 CGPA, income ≤PKR 60,000/month",60000,60,Tuition + stipend,https://www.peef.org.pk/other-provinces
Sindh Educational Endowment Fund (SEEF) Scholarship,"College Education Department, Govt of Sindh",Sindh,Need + Merit,Government,Sindh domicile students at SEEF-panel universities; min 60%/2.5 CGPA,,60,One year's tuition fee (renewable),https://seef.sindh.gov.pk
Sindh Zakat & Ushr Department - Need-cum-Merit Educational Stipend,Sindh Zakat & Ushr Department (via Local Zakat Committees),Sindh,Need + Merit,Government,Mustahiq students in colleges/universities; Istehqaq certificate required,,,Educational stipend (rates set by Zakat administration),The application process is decentralized through each individual public university's Student Financial Aid Office (SFAO)
Sindh Minorities Affairs Dept - Minority (Non-Muslim) Scholarship,"Minorities Affairs Dept, Govt of Sindh",Sindh,Need-based,Government,"Non-Muslim students in govt institutions, prev. exam ≥50%, income ≤PKR 35,000/month",35000,50,"Recently increased from PKR 25,000 to PKR 50,000 per student",Sindh Minorities Affairs Department requires physical submission and validation through your educational institution.       https://sbbusba.edu.pk/files/scholarships/SCHOLARSHIP-FORMS-FOR-YEAR-MINORITY-2025-2026.pdf
Sindh Government Servants Benevolent Fund - Education Scholarships,"Services, General Admin & Coordination Dept (SGA&CD), Govt of Sindh",Sindh,Category-based,Government,Children of Sindh provincial government employees,,,Education scholarships (rates case-by-case),https://sgacd.sindh.gov.pk/benevolent-fund
Khyber Pakhtunkhwa Education Foundation (KPEF) - Merit cum Inaffordability Scholarship,Khyber Pakhtunkhwa Education Foundation,Khyber Pakhtunkhwa,Need + Merit,NGO / Foundation,KP domicile students at approved institutions; renewal needs 3.0 CGPA/70%,,70,Lump-sum scholarship disbursed via institution,https://ef.kp.gov.pk/scholarships
Chief Minister's Education Endowment Fund (CMEEF),"Higher Education, Archives & Libraries Dept, Govt of KP",Khyber Pakhtunkhwa,Merit-based,Government,"KP domicile; income ≤PKR 100,000/month; UG/Grad/PhD abroad (QS Top 300)",100000,,Tuition + monthly stipend,https://hed.gkp.pk/content/chief-minister-educational-endowment-fund-cmeef
"KP Zakat, Ushr & Social Welfare Dept - Educational Stipends (General)","Zakat, Ushr, Social Welfare, Special Education & Women Empowerment Dept, Govt of KP",Khyber Pakhtunkhwa,Need-based,Government,Mustahiq students at colleges/universities/professional institutions,,,Educational stipend (rates set by Zakat administration),https://swkpk.gov.pk
KP Worker Welfare Board - Merit Scholarships,KP Worker Welfare Board,Khyber Pakhtunkhwa,Merit-based,Government,Children of registered industrial workers,,,Merit scholarships (plus other welfare measures),https://workerwelfareboard.kp.gov.pk
Balochistan Education Endowment Fund (BEEF) Scholarship,"Balochistan Education Endowment Fund (Finance Dept, Govt of Balochistan)",Balochistan,Need + Merit,Government,Balochistan domicile; ≥60% marks or 2.5 CGPA; enrolled in govt institutions,,60,Tuition + educational expenses,https://beef.org.pk
KP Benevolent Fund Merit Scholarship,Benevolent Fund Khyber Pakhtunkhwa (BFKP),Khyber Pakhtunkhwa,Merit-based,Government,"Children of serving KP provincial government employees, 1st Division in SSC/Inter/Bachelor",,,"Merit-tiered fund share (BPS 1-4: 40%, BPS 5-15: 40%, BPS 16+: 20% of allocated fund; varies by year, not fixed PKR)","www.bfkp.org,"
AJK State Talent Scholarship,AJK Government (Higher Education Department),Azad Jammu & Kashmir,Merit-based,Government,"Students in govt/semi-govt/private AJK institutions, all levels incl. BA/BSc",,,"Merit scholarships (~1,258 students/year)",https://hed.ajk.gov.pk
Fauji Foundation Educational Stipend Scheme (FFES),Fauji Foundation (private welfare trust),"Azad Jammu & Kashmir, Federal / National",Merit-based,NGO / Foundation,"Children/widows of retired/deceased/disabled ex-servicemen (Army/Navy/Air Force, 10+ yrs service); min. 80% in Matric/FA/FSc",,80,"Monthly stipend for school through undergraduate (incl. Engineering/MBBS/BDS); reported up to ~PKR 78,000 for BS students",https://www.iiu.edu.pk/scholarships/scholarships-at-iiui/fauji-foundation-scholarships/
Al-Khidmat Academic Scholarship (AAS),"Alkhidmat Foundation Pakistan (NGO, welfare wing of Jamaat-e-Islami)","Gilgit-Baltistan, Azad Jammu & Kashmir, Federal / National",Need-based,NGO / Foundation,"Financially underprivileged students, Intermediate to Bachelor's/Master's/DAE/professional programs; enrolled in govt-recognized institutions; min. 70% Matric / 65% Intermediate+",,70,"Monthly stipend (~PKR 9,000/month, ~PKR 108,000/year cited) covering tuition, books, and expenses",https://scholarships.alkhidmat.org
Dalda Foundation Scholarship,Dalda Foundation Trust (charity arm of Dalda Foods Pakistan),Federal / National,Need-based,NGO / Foundation,"Guardian's monthly income ≤ PKR 50,000; Intermediate, Bachelor's, and Master's level students",50000,,"100% tuition fee coverage + monthly stipend PKR 5,000-10,000 + hostel accommodation (if applicable) + book support",https://daldafoundation.pk/education
TCF-PAC Alumni Scholarship (Chartered Accountancy),The Citizens Foundation (TCF) + Professionals Academy of Commerce (PAC),Federal / National,Need + Merit,NGO / Foundation,TCF school alumni pursuing Chartered Accountancy studies (5 seats/year),,,Financial aid up to PKR 5 million covering tuition + books for full CA course,https://www.tcf.org.pk
Chinese Government Scholarship (CSC) - Bilateral Program,China Scholarship Council; nominated by HEC Pakistan; Embassy of PR China,"Azad Jammu & Kashmir, Federal / National, International",Merit-based,International,"Pakistani/AJK nationals, no dual nationality, 12 years of education (Intermediate/A-Level/FA/FSc), under 25",,,"Full tuition, accommodation or subsidy, monthly stipend, health insurance; travel borne by student. 75 seats for 2026-27 cycle (35 Bachelor's, 25 Master's, 15 PhD)",hec.gov.pk (CGSP eligibility page); pk.china-embassy.gov.cn
Turkiye Burslari (Turkish Government Scholarship),Turkiye Scholarships (Government of Turkiye),"Federal / National, International",Merit-based,International,Undergraduate applicants under 21,,,"Full tuition, monthly stipend (4,500 TL/month undergraduate), free state-dormitory accommodation, round-trip airfare, health insurance, one-year Turkish language course. Application window 10 Jan-20 Feb 2026",turkiyeburslari.gov.tr
USEFP Global UGRAD (Global Undergraduate Exchange Program),"U.S. Department of State Bureau of Educational and Cultural Affairs; administered in Pakistan by USEFP, in US by IREX","Federal / National, International",Merit-based,International,"Over 18, enrolled undergraduate in good standing with at least one year remaining; in Pakistan, currently in 3rd or 4th semester",,,"Full tuition, textbooks, airfare, living stipend, health insurance (one-semester non-degree exchange, not a full degree)",usefp.org/scholarships/global-ugrad.cfm; exchanges.state.gov
Fulbright (USEFP),USEFP,"Federal / National, International",Merit-based,International,Postgraduate only (Master's/PhD) - NOT open to undergraduates,,,Funds graduate study only; clinical medicine excluded; return/service bond applies,USEFP official site
Commonwealth Scholarships,Commonwealth Scholarship Commission (UK/FCDO); HEC nominates in Pakistan,"Federal / National, International",Merit-based,International,Postgraduate only (Master's/PhD) - NOT open to undergraduates,,,N/A - postgraduate only,CSC UK official page
DAAD (German Academic Exchange Service),"DAAD, Germany","Federal / National, International",Other,International,No undergraduate degree scholarships currently offered for Pakistanis (RISE Worldwide summer research internship is a non-degree exception),,,Funds Master's/PhD and research only,mygermanuniversity.com
Global Korea Scholarship - Undergraduate (GKS-U),NIIED (Republic of Korea); Embassy of Korea in Islamabad (Embassy Track),"Federal / National, International",Merit-based,International,Applicants under 25 (e.g. born after 1 March 2002 for 2027 intake),,,"Tuition, living expenses, airfare, medical insurance, one-year Korean language training. Note: Embassy Track quota for Pakistan is very small (as few as 1 seat some cycles)",overseas.mofa.go.kr; studyinkorea.go.kr
Japan MEXT Undergraduate Scholarship,"Japanese Ministry of Education, Culture, Sports, Science and Technology (MEXT); Embassy of Japan in Pakistan","Federal / National, International",Merit-based,International,Open to Pakistani undergraduate applicants; program introduced in Pakistan in 1958,,,"Full tuition, monthly allowance, round-trip airfare; no application fee (embassy warns of no agents/fees)",pk.emb-japan.go.jp (MEXT Undergraduate Scholarship page)
Islamic University of Madinah Scholarship,Islamic University of Madinah (Saudi government / Ministry of Education),"Federal / National, International",Merit-based,International,"Undergraduate applicants generally aged 17-25, secondary-education completion required",,,"Monthly allowance, free furnished accommodation, healthcare, annual/entry air tickets, subsidized meals; no application fee. Undergraduate deadline mid-June (e.g., 14 June 2026 for 2027 cycle)",studyinsaudi.moe.gov.sa
Erasmus Mundus Joint Masters,European Union / EACEA; consortia of European universities (HEC promotes only),"Federal / National, International",Merit-based,International,Postgraduate only - requires bachelor's degree or final-year undergraduate status,,,N/A - postgraduate only,HEC / EACEA
Aga Khan Foundation International Scholarship Programme (AKF ISP),Aga Khan Foundation (AKDN),"Federal / National, International",Need + Merit,International,Postgraduate only (priority to Master's) - Pakistan is an eligible country; distinct from community-restricted AK-USP undergraduate program,,,50% grant / 50% loan basis,Aga Khan Foundation official site
Stipendium Hungaricum Scholarship Programme,Hungary,"Azad Jammu & Kashmir, Federal / National",Merit-based,Government,Pakistani/AJK national; apply via BOTH the Stipendium Hungaricum portal AND HEC portal; must sit HAT/USAT test; specific eligible programs defined by HEC each cycle,,,"100% tuition waiver + monthly stipend (~43,700 HUF/month for BS/Master's) + accommodation contribution + health insurance; NO application fee",VERIFIED
Government of Brunei Darussalam Scholarship (BDGS),Brunei Darussalam,Not specified,Merit-based,Government,Age 18-25 (Diploma/Undergraduate) as of ~31 July of intake year; citizens of ASEAN/Commonwealth/OIC member countries eligible (Pakistan qualifies); not for Brunei permanent residents,,,Full tuition exemption + economy air ticket + monthly personal allowance (BND $500) + meal allowance (BND $150/month) + book allowance (BND $600/year) + on-campus accommodation + health insurance,VERIFIED
Al-Azhar University Scholarship for Pakistani Students (Bachelor's in Shari'ah Sciences),Egypt,"Azad Jammu & Kashmir, Federal / National",Merit-based,Government,"Pakistani/AJK national; qualification specifically in Shari'ah Sciences, Islamic Studies, Shahadat-ul-Alamiya, Dars-e-Nizami or equivalent — NOT open to students with other academic backgrounds; must meet Al-Azhar's own admission requirements",,,Recently expanded from 30 to 50 seats (2026 cycle); fully funded per HEC announcement — tuition + monthly stipend; apply via Al-Azhar's International Students Portal + HEC,VERIFIED (narrow eligibility — Islamic Studies/Shari'ah applicants only)
Kazakhstan Government Scholarship,Kazakhstan,Not specified,Merit-based,Government,"Details only found on secondary/aggregator sites (studyabroad.pk); no official HEC or Kazakh-government primary source page could be confirmed during this search. NOTE: Kazakhstan's actual flagship 'Bolashak' scholarship is historically for Kazakh citizens only, not foreigners — this may be a different, less-established bilateral program or an aggregator conflating two things",,,Full tuition + monthly stipend + accommodation support (per secondary sources only),COULD NOT FULLY VERIFY — no official primary source found; treat with caution and verify directly with Kazakhstan's embassy in Pakistan before relying on this
Azerbaijan Government Scholarship (AIDA Educational Grant),Azerbaijan,"Azad Jammu & Kashmir, Federal / National, International",Merit-based,International,Pakistani/AJK national; language proficiency required (Russian/Turkish/English depending on program),,,Full tuition + associated benefits per AIDA program terms,"VERIFIED PROGRAM EXISTS, but undergraduate seat availability is inconsistent/very limited some cycles — confirm current-year seat count and level before treating as an undergraduate option"
Fauji Fertilizer Company (FFC) / Sona Welfare Foundation (SWF) Scholarship,Sona Welfare Foundation (NPO of Fauji Fertilizer Company Limited),Balochistan,Need + Merit,Corporate,Children of farmers; landholding not exceeding 12.5 acres with affidavit of farming as primary income; ~85% marks (75% for Balochistan/GB/ex-FATA domiciles); enrolled at government-recognized colleges/universities,,85,"Merit scholarship / monthly stipend. Disciplines: engineering, agriculture, computer science, management, social sciences",swof.sonafoundation.org.pk
"Bank Alfalah ""Alfalah Scholars Programme"" (with Habib University)","Bank Alfalah Limited (CSR), in partnership with Habib University, Karachi",Not specified,Need + Merit,Corporate,"High-merit, financially deserving students admitted to Habib University in social sciences or engineering; emphasis on women and differently-abled applicants; 4 scholars",,,All educational expenses across the four-year degree; PKR 6.4 million annual commitment (PKR 25.6 million over four years),"bankalfalah.com press release (Karachi, 27 June 2023)"
"Lucky Cement Undergraduate Scholarship (""Lakki Pezu Scholarship Program"")",Lucky Cement Limited (Yunus Brothers Group),Not specified,Merit-based,Corporate,"Must be a permanent resident and domicile holder of District Lakki Marwat; must already be admitted to NUST, COMSATS (CIIT Islamabad), GIK Institute, UET Lahore/Peshawar, or FAST",,,"Tuition-expense assistance only; other costs borne by student. Disciplines: business management, engineering, medical",lucky-cement.com
Getz Pharma Endowed Scholarship at IBA Karachi,"Getz Pharma, via MoU establishing an endowment at IBA Karachi",Federal / National,Merit-based,Corporate,Deserving students in IBA's undergraduate program admitted through IBA's National Talent Hunt Program (NTHP); not a direct-apply public scholarship,,,Endowment scholarship worth PKR 30 million at IBA (signed 20 September 2021),getzpharma.com; iba.edu.pk
HBL Foundation,HBL Foundation (CSR arm of Habib Bank Limited),Azad Jammu & Kashmir,Need-based,Corporate,"One named undergraduate award: ""MUST HBL Foundation Scholarship"" at Mirpur University of Science and Technology (AJK); no standalone general public HBL Foundation undergraduate portal found",,,"HBLF broadly funds healthcare, education and vocational training",hbl.com / HBL Foundation
"Nestle Pakistan / GSK Pakistan / Jazz / Telenor / Zong / Ufone / Standard Chartered ""Goal"" / Descon / Packages / Nishat / Sitara Chemical / Coca-Cola Pakistan / UBL / PTCL-Ufone Foundation",Various corporations,Not specified,Other,Corporate,"No verifiable open undergraduate tuition scholarship found; official pages show only internships/traineeships (e.g., Nestle ""NESTERNship""), rural-connectivity CSR, or non-tuition programs (Standard Chartered's ""Goal"" is a girls' life-skills/financial-literacy program, not a tuition scholarship)",,,N/A,Respective official company/CSR pages
Professional Education Foundation (PEF Karachi),"Professional Education Foundation, Karachi (thepef.com; PEF-UK, PEF-USA affiliates)",Not specified,Need + Merit,NGO / Foundation,Students at partner universities; applications routed through student-affairs office; Zakat-eligible option available,,,"Need-cum-merit scholarships/financial assistance for undergraduate/professional study (engineering, medicine, agriculture, technology, management); ~2,700 scholarships in a recent year; funding may be a grant OR an interest-free loan (via Ihsan Trust) - clarify before applying",thepef.com
Ihsan Trust,"Ihsan Trust, Karachi (Waqf structure, backed by Meezan Bank's charity fund; Shariah-compliant)",Not specified,Need + Merit,NGO / Foundation,Pakistani citizens (male/female); not for study abroad currently; application routed through university's financial-aid office,,,"Qarz-e-Hasna (interest-free loan), repayable with token monthly repayment during study, full repayment adjusted to income after graduation; described as the largest private interest-free higher-education loan provider in Pakistan",ihsantrust.org
Hashoo Foundation Scholarship,"Hashoo Foundation (Hashoo Group), Islamabad",Not specified,Need + Merit,NGO / Foundation,"Pakistani citizens; preference to students from remote, low-income areas; undergraduate study at HEC-recognized universities",,,50% grant / 50% loan structure; current-year availability could not be confirmed on live official site,hashoofoundation.org
Aga Khan Undergraduate Scholarship Programme (AK-USP),"Aga Khan Education Board, Pakistan (AKEB,P), under the Scholarship Advisory Committee",Not specified,Need + Merit,NGO / Foundation,"Restricted to members of the Ismaili community (""the Jamat""); minimum 65% in each of SSC and HSC (cumulative 135%); confirmed admission to an approved institution",,65,"Partial funding, described as an ""avenue of last resort""; distinct from AKF ISP (postgraduate, open to all Pakistanis)","Aga Khan Education Board, Pakistan"
Developments in Literacy (DIL),Developments in Literacy (dilpakistan.org / dil.org),Not specified,Need-based,NGO / Foundation,Restricted to DIL's own school graduates; 320+ scholars at Pakistani universities,,,Full scholarships via donor partner U-Go,dilpakistan.org
The Citizens Foundation (TCF),The Citizens Foundation (tcf.org.pk),Not specified,Need-based,NGO / Foundation,"Restricted to TCF's own school alumni; governed by published ""TCF Tertiary Education Support Policy For Alumni""",,,Tertiary-education support for alumni; includes TCF-PAC Chartered Accountancy financial aid (up to Rs 5 million; 5 alumni/year),tcf.org.pk
Behbud Association (Karachi),Behbud Association Karachi (behbudkarachi.org.pk); PCP-certified NPO,Not specified,Need-based,NGO / Foundation,"Primarily school-level (merit scholarships class III-X); a ""Student for Higher Education - Rs. 45,000/year"" sponsorship line exists on the donation page but no documented open undergraduate scholarship program with published eligibility criteria",,,Limited higher-education sponsorship; no formal published undergraduate program,behbudkarachi.org.pk
LRBT / Karwan-e-Hayat / Roshni (Roshni Helpline) / Kashf Foundation,Respective NGOs,Not specified,Other,NGO / Foundation,N/A,,,"LRBT runs free eye-care/blindness-prevention services only; Karwan-e-Hayat is a mental-health-care NGO only; Roshni is a missing-children/child-protection NGO only; Kashf Foundation is a microfinance institution whose education product (""Kashf School Sarmaya"") is a loan to low-cost private schools, not a student scholarship. None run an education scholarship",Respective official NGO sites
Bunyad Foundation / Zindagi Trust / Alif Ailaan / SRSP / HANDS / ITA (Idara-e-Taleem-o-Aagahi) / Ansar Burney Trust / Sitara Foundation / Rafhan Foundation / Bait-us-Salam,Respective NGOs/Trusts,Not specified,Other,NGO / Foundation,N/A,,,"No open undergraduate scholarship program could be verified via an official source; several are focused on schooling, literacy, advocacy, or rural development rather than undergraduate tuition scholarships",Respective official NGO/Trust sites (aggregator listings not treated as confirmed)
Scholarship Name,University (Provider),Not specified,Need + Merit,Government,Eligible Students,,,Coverage/Benefits,Official Source
National Outreach Programme (NOP),LUMS (own funds + donors),Federal / National,Need + Merit,Government,Students who go through NOP's Summer Coaching Session and qualify on merit for admission,,,"Full support: admission, tuition, registration fees, lab charges, accommodation, meals, stipend — up to ~140% of costs",https://nop.lums.edu.pk
LUMS Undergraduate Financial Aid (need-based),LUMS (own funds),Federal / National,Need-based,Government,"Any admitted undergrad demonstrating financial need, reassessed yearly",,,"Loan + waiver combo; covers tuition, registration fee, lab charges; 20%–100% of tuition",https://financial-aid.lums.edu.pk
LUMS Undergraduate Merit Scholarships,LUMS (own funds),Federal / National,Merit-based,Government,Top-performing admitted students,,,100 merit scholarships available; varies by rank,https://financial-aid.lums.edu.pk
NUST Need-Based Scholarship (NNBS),NUST (own resources + external funding),Federal / National,Need-based,Government,UG & Masters students; assessed via Net Disposable Income of family,,,"Partial to full tuition + fee coverage, up to 4 years for UG",https://fao.nust.edu.pk
NUST Merit-Based Financial Assistance,NUST (own funds),Federal / National,Merit-based,Government,"UG students with minimum semester GPA 3.5, limited slots",,,Monthly financial assistance amount (tiered by GPA),https://nust.edu.pk/admissions/scholarships
IBA Need-Based Financial Assistance,"IBA Karachi (own funds, Zakat, donors)",Federal / National,Need-based,Government,Full-time morning-program undergrads with demonstrated need,,,Bridge financing 25%–90% of tuition until donor placement; up to 8 semesters,https://www.iba.edu.pk/financialassistance
IBA National Talent Hunt Program (NTHP),Institute of Business Administration (IBA) Karachi,Federal / National,Need + Merit,Government,Students with 70%+ in HSSC-I/II; from underprivileged areas; all provinces eligible,,70,"Up to 100% scholarship covering tuition + fees; PKR 3,000-4,000/month stipend; transport/accommodation support; Qarz-e-Hasna facility",https://nthp.iba.edu.pk/
IBA OGDCL Talent Hunt Program,IBA Karachi + Oil & Gas Development Company Limited,Not specified,Need + Merit,Government,Students from selected districts (OGDCL-focused); HSSC-I/II passed with 70%+,,70,Full scholarship (100%) or Qarz-e-Hasna; covers tuition & living expenses,https://www.iba.edu.pk/
GIKI Need-Based Financial Assistance,GIK Institute (own funds),Federal / National,Need + Merit,Government,Admitted UG students who apply with financial documents,,,Partial to full tuition coverage; ~Rs. 200 million distributed annually across all GIKI aid,https://giki.edu.pk/admissions/admissions-undergraduates/scholarships-fa
GIKI Alumni Association Financial Assistance,"GIKI Alumni Association (separate from institute, but university-linked)",Federal / National,Need + Merit,Government,Currently enrolled GIKI undergrads,,,"Partial, rarely full tuition coverage",https://gikialumni.org/scholarships
FAST-NUCES Need-Based Financial Assistance,FAST-NUCES (own funds),Federal / National,Need-based,Government,"Admitted undergrads facing genuine financial hardship, renewed each semester on academic performance",,,"Interest-free loan, covers tuition fees only; discontinued if CGPA drops below minimum",https://www.nu.edu.pk/Student/FinancialRules
FAST-NUCES Merit Scholarship,FAST-NUCES (own funds),Federal / National,Merit-based,Government,Top 3 position holders of each Examination Board; top 3 in each campus's admission merit list,,,100% tuition fee for 8 regular semesters; must maintain CGPA ≥ 3.00,https://www.nu.edu.pk/Student/FinancialRules
Habib University Financial Aid Grants,Habib University (own funds),Federal / National,Need-based,Government,"Any admitted student, assessed via financial aid application; reassessed annually",,,"Grants (not repayable), partial to full tuition support; ~85% of HU students receive some aid",https://habib.edu.pk/admissions/student-finance
Yohsin Scholarship,Habib University (own funds/donors),Federal / National,Merit-based,Government,High-merit admitted students,,,100% tuition scholarship,https://habib.edu.pk/giving/student-support
Habib Excellence Scholarship,Habib University (own funds/donors),Federal / National,Merit-based,Government,Students demonstrating excellent merit,,,60–80% of tuition and additional fees,https://habib.edu.pk/giving/student-support
HU Equal Opportunity Program Scholarship (HUEOPS),Habib University (own funds),Federal / National,Need-based,Government,Students from specific exam boards demonstrating financial need,,,Up to 80% financial support,https://habib.edu.pk/admissions
AKU Need-Sensitive Financial Assistance,Aga Khan University (own funds/donors),Federal / National,Need + Merit,Government,"Undergrad students (BScN, MBBS, BScM, FAS programs) admitted purely on merit",,,Partial to full tuition; ~89% of Nursing/Midwifery students study on some form of assistance,https://www.aku.edu/sonampk/Pages/financial-assistance.aspx
AKU Challenge Programme (Scholarship),Aga Khan University (own funds),Federal / National,Merit-based,Government,Students selected for an 11-day pre-university enrichment programme,,,"Fully funded: course fee, excursions, meals; hostel available for non-Karachi residents",https://www.aku.edu/registrar/Pages/aku-challenge-scholarship.aspx
Habib University TOPS Program (Talent Outreach Program Support),Habib University,"Sindh, Federal / National",Need + Merit,Government,Top students from local boards; from underprivileged backgrounds; nationwide,,,100% full scholarships for 4-year undergraduate degree; covers all expenses,https://huf.org.pk/scholarships
Habib University Merit Scholarship,Habib University,Federal / National,Merit-based,Government,Top performing students; high entrance exam scores,,,50% tuition fee waiver,https://habib.edu.pk/admissions/student-finance/
GIKI Merit Scholarship,Ghulam Ishaq Khan Institute (GIKI),Khyber Pakhtunkhwa,Merit-based,Government,Merit-based; all undergraduate students,,,Partial to full tuition fee coverage; no discrimination,https://giki.edu.pk/admissions/
GIKI Financial Assistance Program,Ghulam Ishaq Khan Institute (GIKI),Khyber Pakhtunkhwa,Need-based,Government,Financially disadvantaged students; all undergraduate programs,,,Interest-free loan for educational expenses,https://giki.edu.pk/admissions/
GIKI Graduate Scholarships,Ghulam Ishaq Khan Institute (GIKI),Khyber Pakhtunkhwa,Need + Merit,Government,MS and PhD students; merit & need-based,,,Partial to full tuition fee; accommodation; monthly stipend,https://giki.edu.pk/admissions/admissions-graduate/
Bahria University Advanced Merit Scholarship,Bahria University,Federal / National,Merit-based,Government,Board toppers; top rankers in university merit lists; A-Level outstanding performers,,,"50-100% tuition fee waiver; must maintain minimum CGPA (3.5+ for engineering, 3.7+ for others)",https://bahria.edu.pk/scholarships/
Bahria University Financial Assistance Scholarship,Bahria University,Federal / National,Need-based,Government,Financially needy students; new intake and enrolled students,,,Partial to full tuition fee coverage; requires on-campus job 10 hrs/week,https://bahria.edu.pk/scholarships/financial-assistance/
SZABIST Need-Based Scholarship,SZABIST University (Islamabad),Federal / National,Need-based,Government,"Annual family income ≤ PKR 1,500,000; undergraduate & MBA students; SGPA ≥ 2.50, CGPA ≥ 2.75",1500000,,Partial to full tuition fee coverage; provides financial relief,https://szabist-isb.edu.pk/scholarships/
SZABIST Merit Scholarships,SZABIST University (Karachi),Federal / National,Merit-based,Government,High-performing students; all undergraduate & postgraduate programs,,,Partial to full tuition fee coverage based on academic excellence,https://szabist.edu.pk/scholarships/
Lahore School of Economics Need-Based Scholarship,Lahore School of Economics (own funds),Federal / National,Need-based,Government,Undergrads with 75% in Intermediate/IBCC equivalent + verified financial hardship (home visit),,75,"50% tuition fee waiver; reduced to 25% if CGPA falls to 3.0–3.49, withdrawn below 3.0",https://lahoreschoolofeconomics.edu.pk (Scholarships 2025-2026 PDF)
FCCU Merit Scholarships (A-Level Distinction),Forman Christian College University (own funds),Federal / National,Merit-based,Government,Global/Pakistan distinction holders in A-Level exams,,,Tuition fee scholarship against program cost,https://www.fccollege.edu.pk/fccu-homepage/financial-aid-scholarships
FCCU Need-Based Financial Aid,Forman Christian College University (own funds),"Punjab, Federal / National",Need-based,Government,"Family income ≤ PKR 60,000/month; matric/intermediate from BISE Punjab or FBISE",60000,,"Partial to full tuition support; ~1,450 students funded, Rs. 400M+ disbursed in 2025-26",https://intermediate.fccollege.edu.pk/financial-aid-and-merit-scholarship
FCCU Women's Leadership Scholarship (remote areas),Forman Christian College University (own funds),"Sindh, Balochistan",Merit-based,Government,"Female students from underrepresented regions, T-score ≥55, domicile from listed regions",,,Up to 10 fully funded tuition + hostel scholarships (excludes meals),https://www.fccollege.edu.pk/fccu-homepage/financial-aid-scholarships
FCCU Orphan Student Waiver,Forman Christian College University (own funds),Federal / National,Need-based,Government,Orphan students scoring 950/1100 in Matric,,,25% tuition fee waiver,https://intermediate.fccollege.edu.pk/financial-aid-and-merit-scholarship
FCCU Zakat Fund,Forman Christian College University (own funds/donors),Federal / National,Need-based,Government,Muslim students from low-income families,,,"Since inception, Rs. 29.8M disbursed to ~480 students",https://www.fccollege.edu.pk (Bachelors Catalog 2025-26 PDF)
IBA Sindh Talent Hunt Program,IBA Sukkur,Sindh,Need + Merit,Government,Students from Sindh province; 70%+ marks in HSSC-I/II; 300 fully-funded spots annually,,70,Fully-funded scholarships; merit-based and need-based assessment; foundation semester covered,https://www.iba.edu.pk/
Habib University HU TOPS Female Leadership Scholarship,Habib University,Federal / National,Need + Merit,Government,Talented female students; from all backgrounds; prioritizes addressing gender parity,,,100% scholarships; supports pathways to female leadership,https://huf.org.pk/scholarships
COMSATS Merit-Cum-Need Based Scholarship,COMSATS University Islamabad (Multi-campus),Federal / National,Need + Merit,Government,All students; top position holders on admission merit lists; financial need consideration,,,Full and partial scholarships; tuition fee coverage; multiple tiers available,https://ww2.comsats.edu.pk/scholarships/
COMSATS Merit Scholarship (CAMS),COMSATS University Islamabad,Federal / National,Merit-based,Government,Intermediate/A-Level students with ≥70-60% marks; first semester upon admission,,60,Partial tuition fee coverage; Awarded provisionally after admission requirements,https://www.cuiatd.edu.pk/admissions/scholarships/
COMSATS Taleem Fund,COMSATS University Islamabad,Federal / National,Need-based,Government,Students in financial hardship; all programs,,,Special financial assistance fund; covers emergency educational needs,https://ww2.comsats.edu.pk/scholarships/
COMSATS Qarz-i-Hasna (Interest-Free Loan),COMSATS University Islamabad,Federal / National,Need-based,Government,Students with financial difficulties; all programs,,,Interest-free educational loan; flexible repayment options,https://ww2.comsats.edu.pk/scholarships/
COMSATS Sibling/Kinship Concession,COMSATS University Islamabad,Federal / National,Other,Government,Siblings studying simultaneously at COMSATS; all programsFee concession for family members; encourages family education,,,Reduced tuition fees for multiple siblings enrolled together,https://ww2.comsats.edu.pk/scholarships/
Air University Need-Based Financial Assistance (NBFG),Air University (Multi-campus),Federal / National,Need-based,Government,Students from low-income families; admitted on open merit; CGPA ≥ 2.0,,,Partial to full financial grant for tuition and living expenses,https://kc.au.edu.pk/Pages/Admission/Scholarship.aspx
Air University Merit-Based Scholarships,Air University,Federal / National,Merit-based,Government,Outstanding students; top three position holders per program/batch; all levels,,,Tuition fee waiver (50-100%) to top three students per program; varies by position,https://kc.au.edu.pk/Pages/Admission/Scholarship.aspx
Air University HEC Need-Based Scholarships,Air University + Higher Education Commission,Federal / National,Need-based,Government,Eligible students under HEC programs; financially disadvantaged background,,,HEC-funded scholarships; varies by HEC scheme,https://au.edu.pk/
UET Lahore Need-Based Scholarships,University of Engineering & Technology (UET) Lahore,Punjab,Need-based,Government,Financially disadvantaged students; all undergraduate programs; must maintain CGPA ≥ 2.5,,,Partial to full tuition fee coverage; living stipend; monthly support,https://facs.uet.edu.pk/
UET Lahore Merit-Based Scholarships,University of Engineering & Technology (UET) Lahore,Punjab,Merit-based,Government,Top-performing students; high academic records; CGPA ≥ 2.5 maintenance required,,,Tuition fee waivers; merit-based awards; renewable if CGPA maintained,https://facs.uet.edu.pk/
UET Lahore Taleem Mumkin Scholarship Program,UET Lahore + Qasim Ali Shah Foundation,Punjab,Need + Merit,NGO / Foundation,"BSc Engineering students, Session 2022+; specific disciplines (Electrical, Mechanical, others)",,,Funded by Qasim Ali Shah Foundation; covers tuition fees for eligible engineering students,https://facs.uet.edu.pk/
UET Peshawar Scholarship Program,University of Engineering & Technology (UET) Peshawar,Khyber Pakhtunkhwa,Need + Merit,Government,Students with 70%+ marks; poverty-cum-merit basis; sibling concessions available,,70,"Rs. 21,000/semester for merit students; free ship tuition (max 15 deserving); sibling discounts",https://jc.uetpeshawar.edu.pk/scholarships/
QAU Financial Assistance Office Scholarships,Quaid-e-Azam University (QAU) Islamabad,Federal / National,Need + Merit,Government,"Meritorious, needy, and deserving students; all undergraduate, M.Sc., M.Phil, PhD programs",,,Various scholarships through Office of Students' Financial Assistance (OSFA); varies by program,https://qau.edu.pk/financial-assistancescholarships/
UAF Merit Scholarships,University of Agriculture Faisalabad (UAF),Punjab,Merit-based,Government,Talented students; all agricultural and related programs; board toppers,,,Tuition fee waivers; vary based on merit position,https://web.uaf.edu.pk/
UAF Benevolent Fund Scholarships,University of Agriculture Faisalabad,Punjab,Need-based,Government,Financially disadvantaged students; all undergraduate programs; university staff families,,,Educational scholarships for needy students; varies by case assessment,https://web.uaf.edu.pk/
UAF Subject Scholarships,University of Agriculture Faisalabad,Punjab,Merit-based,Government,5th semester students; specific agriculture disciplines; competitive basis,,,Subject-based tuition fee coverage; for specialized agricultural programs,https://web.uaf.edu.pk/
UMT Merit Scholarships,University of Management and Technology (UMT) Lahore,Punjab,Merit-based,Government,Bright students; high academic achievement; all programs; 22% of student body on scholarships,,22,Up to 100% admission waiver + up to 65% tuition discount; tiered based on performance,https://admissions.umt.edu.pk/Scholarships.aspx
UMT Need-Based Scholarships,University of Management and Technology (UMT),Punjab,Need-based,Government,"Financially distressed students; all programs; BSc Engineering, School of Science, Food Science",,,Partial to full tuition fee coverage based on financial assessment,https://admissions.umt.edu.pk/scholarship-1.aspx
UMT Armed Forces Scholarship,University of Management and Technology (UMT),Punjab,Other,Government,Students from Armed Forces / Government Services of Pakistan; all programs,,,50% waiver in tuition fees; for qualified defense personnel,https://admissions.umt.edu.pk/scholarship-1.aspx
UMT Minority Scholarship,University of Management and Technology (UMT),"Punjab, Federal / National",Other,Government,Pakistani nationals belonging to minority communities; 60%+ marks in intermediate/graduation,,60,30% waiver in tuition fees; specifically for minority students,https://admissions.umt.edu.pk/scholarship-1.aspx
UMT Orphan Students Scholarship,University of Management and Technology (UMT),Punjab,Other,Government,Orphan students; all programs; verified documentation required,,,Up to 20% tuition fee waiver; special consideration for vulnerable students,https://admissions.umt.edu.pk/scholarship-1.aspx
Riphah Merit Scholarship (Board Toppers),Riphah International University (Rawalpindi/Islamabad),Khyber Pakhtunkhwa,Merit-based,International,Top 5 positions in intermediate/secondary education boards; all programs except MBBS/BDS,,,100% (1st-3rd) and 50% (4th-5th) tuition fee waiver; first term award,https://www.eduvision.edu.pk/scholarships/riphah-international-university-scholar-172
Riphah Assistantship Scholarship,Riphah International University,Not specified,Merit-based,International,Students with 65%+ marks in intermediate; all BS programs; CGPA ≥ 3.50 requirement,,65,25-100% assistantship on tuition fees based on performance; varying tiers available,https://www.eduvision.edu.pk/scholarships/riphah-international-university-scholar-172
Riphah University Merit Scholarship (Top Class Performers),Riphah International University,Not specified,Merit-based,International,Top 20% of class strength; all programs except MBBS/BDS; each academic term eligible,,20,SGPA ≥ 3.75 receives awards; varies based on achievement,https://www.eduvision.edu.pk/scholarships/riphah-international-university-scholar-172
BNU Need-Based Scholarship (NBS),Beaconhouse National University (own funds),Federal / National,Need-based,Government,"Students from low-income families, verified via financial hardship documentation",,,25–50% of tuition fees; must maintain CGPA ≥ 2.65 (Fall 2024+ intake) or 2.50 (earlier),https://bnu.edu.pk (official Registrar PDF: RO-Scholarship-Award-and-Retention-Criteria)
BNU Merit-Based Scholarship (MBS),Beaconhouse National University (own funds),Federal / National,Merit-based,Government,Students attaining CGPA ≥ 3.5 at end of academic year,,,25% tuition fee waiver for the following academic year,https://bnu.edu.pk (Examinations page)
BNU Dean's Scholarship,Beaconhouse National University (own funds),Federal / National,Merit-based,Government,Applicants scoring >80% aggregate (35% Matric/O-Level + 35% Intermediate/A-Level + 30% BNU Admissions Test/Interview/portfolio),,80,Tuition scholarship; must maintain CGPA ≥ 3.0 to retain,https://www.bnu.edu.pk/scholarships
BNU Student Fund,Beaconhouse National University (own funds/donors),Federal / National,Need-based,Government,Enrolled students facing financial hardship,,,"Discretionary financial assistance, amount varies by case",https://www.bnu.edu.pk/bnu/Admissions/Fee-Scholarship
Sukkur IBA Merit-Based Admission Scholarships,Sukkur IBA University (own funds),"Sindh, Federal / National",Merit-based,Government,"Admitted undergrads, awarded at time of admission",,,"4-year scholarship, tuition coverage tier varies; requires maintaining CGPA each semester or withdrawn immediately (no probation)",https://education.iba-suk.edu.pk/home/scholarships
"Sukkur IBA Named Donor Scholarships (e.g., Pehlaj Roy Scholarship, Prince Hassan Ali Khan Scholarship)","Individual donors/alumni, administered by Sukkur IBA",Federal / National,Need + Merit,Government,Enrolled Sukkur IBA students,,,"Varies by named scholarship, not itemized on fetched page",https://education.iba-suk.edu.pk/home/scholarships
IoBM Merit Scholarship,"Institute of Business Management, Karachi (own funds)",Federal / National,Merit-based,Government,"Meritorious students, based on academic performance at admission",,,50% tuition fee waiver; auto-renewed each semester if GPA criteria maintained,https://iobm.edu.pk/types-of-scholarships
IoBM Educational Assistance (Need-cum-Merit),IoBM (own funds),Federal / National,Need + Merit,Government,Admitted students who apply post-admission-offer; brief interview required,,,"50–75% tuition fee waiver, case-assessed",https://iobm.edu.pk/scholarships
IoBM Employee Children Educational Assistance,IoBM (own funds),Federal / National,Other,Government,Registered children of full-time IoBM employees,,,"50–75% tuition fee waiver, based on employment tenure",https://iobm.edu.pk/types-of-scholarships
IoBM Engineering/Industrial Management Tuition Waiver,IoBM (own funds),Federal / National,Need + Merit,Government,"BE (Electrical) and BS (Industrial Engineering & Mgmt.) students, GPA ≥ 2.50, min. 15 credit hours/5 courses",,,50% tuition fee waiver,https://iobm.edu.pk/types-of-scholarships
IoBM Less-Privileged Districts Scholarship,IoBM (own funds),Sindh,Need + Merit,Government,Students selected on merit from less-privileged Sindh districts,,,100% fee waiver including free transportation,https://iobm.edu.pk/types-of-scholarships
IoBM Lucky Cement Scholarship,"Lucky Cement (donor), administered by IoBM",Federal / National,Need-based,Government,"Needy students, selected via preliminary interview with Admissions",,,Details not fully specified on fetched page,https://iobm.edu.pk/types-of-scholarships
IoBM Sports Scholarship,IoBM (own funds),Federal / National,Other,Government,Students demonstrating sporting achievement,,,Details not fully specified on fetched page,https://iobm.edu.pk/scholarships
ZU Financial Assistance Program,Ziauddin University (own funds),Sindh,Need + Merit,Government,Students who have completed 1 full year at ZU (not available to fresh admits),,,Amount not specified on official page,https://zu.edu.pk/faqs
"University of the Punjab, Lahore",PU Financial Aid Scholarships (merit-cum-need) + Zakat/Ushr Committee waivers,Not specified,Need + Merit,Government,Assessed annually by Financial Aid Committee; destitute/orphan cases via VC committee,,,Full tuition fee waiver at departmental level (e.g. PUCIT: 84 students/2yrs); hostel waivers for verified cases,https://pu.edu.pk/page/show/scholarships2.html
University of Karachi,Student Financial Aid Office (SFAO) need-based scholarships,Sindh,Need + Merit,Government,"Income certificate, CNIC, academic transcripts required; mostly funded by Sindh Zakat & Ushr Dept + alumni (UKAHA)",,,Semester tuition fee adjustment/waiver,https://www.uok.edu.pk/sfao
"NED University of Engineering & Technology, Karachi",NED Undergraduate Fellowship Program (Jinnah/Iqbal/Sir Syed/Jauhar/Liaquat/Fatima Jinnah tiers),Not specified,Merit-based,Government,"Tiered by admission merit rank: top 50=Jinnah, 51-100=Iqbal, 101-150=Sir Syed, 151-225=Jauhar, 225-325=Liaquat, 400+=Fatima Jinnah",,,"100% (top 50) down to 20% (400+) of tuition & exam fees; annual budget Rs 233M + existing Rs 200M scheme; ~2,900 new students covered",NED official site + VC announcement (Express Tribune/Samaa)
"Bahauddin Zakariya University (BZU), Multan","BZU Scholarship Cell - Kinship Fee Refund, Position Holder Refund, Tuition Concession (Full/Half)",Not specified,Need + Merit,Government,Criteria/income thresholds NOT published on official page,,,"Full/half tuition concessions; 2024: Kinship Refund (712), Position Holder Refund (1,290), Full Concession (60), Half Concession (13)",https://bzu.edu.pk/scholarship-cell.php
"Iqra University, Karachi","Merit-Based, Need-Based, Qarz-e-Hasana, Talent-Based, Alumni, Loyalty, Differently-Abled Scholarships",Not specified,Need + Merit,Private,"Merit (admission): tiered by FA/FSc/A-Level marks (50%->85%+ = 5%-30%) + admission test (5%-25%), capped 35% first sem. Continuation: GPA 4.0=60%. Floor: ≥45% marks",,50,10%-100% of tuition depending on policy; only one scholarship at a time (most favorable applied),https://iqra.edu.pk
"University of Central Punjab (UCP), Lahore",UCP Need-Based Financial Assistance + Merit-Based Scholarships (15 types),Not specified,Need + Merit,Private,"Need: 1st divisions in Matric+Intermediate required, committee-assessed, maintain CGPA 3.00. Merit (freshmen): 75%+ marks=100%, 70%=75%, 65%=50%, 60%=25%",,75,Up to 100% need-based tuition; up to 50% on death of guardian; PKR 830M scholarships disbursed in 2023,https://ucp.edu.pk/ucp-scholarships/
University of Peshawar,Merit Scholarships (position holders) + Merit-cum-Need Fee Concession + Sibling Concession,Not specified,Need + Merit,Government,Position holders get full admission fee waiver; fee concessions assessed by University Financial Aid,,,"Full admission fee waiver (merit); sibling concession (senior full fee, others half)",http://www.uop.edu.pk/admissions/?q=Scholarships
"University of Sindh, Jamshoro",Freeships & Bursaries (poverty-cum-merit) + 100 Scholarships for incoming meritorious needy students,Not specified,Merit-based,Government,"Assessed by Students Financial Aid Office (SFAO); VC cited '14 diverse student financial aid programs', 3000/6000 new admits (50%) receiving aid",,50,Tuition relief (freeships) + bursaries + targeted scholarships for incoming students,https://usindh.edu.pk/page/38
Islamia University of Bahawalpur (IUB),Needy Fee Remission + Position Holder Remission + Orphan/Hafiz-e-Quran/Kinship Remission + Fee Waiver Scholarship,Not specified,Need + Merit,Government,Administered by Directorate of Financial Assistance; funds >20% of students per official page,,20,"Fee remissions/waivers; 8,652 students financed with Rs 362.4M (cited)",https://www.iub.edu.pk/student-support
"University of Balochistan, Quetta",Merit scholarship for position holders (internal program not clearly documented),Not specified,Merit-based,Government,Not published on official site,,,Not published,No official own-resource program page found
"Sindh Agriculture University, Tandojam","University-awarded Scholarships, Free-ships, Cash Grants + SAU Endowment Fund",Not specified,Merit-based,Government,Continuation subject to satisfactory annual performance,,,Scholarships/free-ships/cash grants (% not published),https://sau.edu.pk/financial-aid/
"Fatima Jinnah Women University, Rawalpindi",Need-cum-Merit Based Scholarship + Merit Scholarships (via SFAO),Not specified,Need + Merit,Government,Open to Bachelor's/MPhil regular-program students only (self-support not eligible),,,Not fully published,https://fjwu.edu.pk/scholarships/
"PMAS-Arid Agriculture University, Rawalpindi",Directorate of Financial Assistance (primarily administers external HEC/PEEF/Ehsaas funds),Not specified,Other,Government,No distinct internal own-resource program found,,,Not published,http://sr.uaar.edu.pk/src/scholarships.php
University of Sargodha,University Merit Scholarships + Needy/Deserving Fee Concessions + Minority Scholarship + 100% exemption (SOS/Shaheed children) + Kinship Concession,Not specified,Need + Merit,Government,"Several 100% tuition exemptions for defined categories (SOS Children's Village students, children of Shaheeds)",,100,Partial to 100% tuition-fee concessions/exemptions by category,https://www.su.edu.pk/office/directorate-of-academics/Student-Financial-Aid
University of Gujrat (UOG),UOG Need-Based Scholarship (co-branded w/ HEC) + Student Advancement & Financial Aid Endowment (SAFE),Not specified,Need + Merit,Government,Interview required; SAFE funds scholarships from university's own resources,,,Tuition/financial support (coverage not fully published),https://uog.edu.pk/scholarships/
"Mehran University of Engineering & Technology (MUET), Jamshoro","No clearly documented internal own-resource program (external PM Fee Reimbursement, HEC Need-Based, Indigenous schemes only)",Not specified,Other,Government,Not published,,,Not published,muet.edu.pk
UET Taxila,"Scholarships/Dues Section (named schemes largely external: HEC, PEEF, PM Fee Reimbursement); scholars must do 4-6 weeks community service/year",Not specified,Need + Merit,Government,Community/social welfare service required of scholarship holders,,,Not published for distinct internal scheme,https://web.uettaxila.edu.pk/DuesSection.aspx
"Dawood University of Engineering & Technology (DUET), Karachi",Merit-Based and Need-Based scholarship categories listed (distinct internal scheme unclear),Not specified,Need + Merit,Government,Not published,,,Not published,https://duet.edu.pk/scholarships-2/
Government College University (GCU) Lahore,GCU Endowment Fund Trust (Golden/Silver Scholarships) + GCU Financial Aid Office,Not specified,Need + Merit,NGO / Foundation,"Preference to orphans, disabled, minorities, broken-family students",,,"2020: Rs 22.32M to 781 students (Endowment) + Rs 31.68M to 897 students (Financial Aid); Golden Scholarship covers fee+hostel (~Rs 100,000); Silver covers fee (~Rs 50,000)",https://gcu.edu.pk/financial-aid.php?pg=endowment-fund
Government College University (GCU) Faisalabad,Student Advancement Fund Endowment (SAFE) + Directorate of Students' Affairs financial assistance + UCC Talent Scholarships,Not specified,Need + Merit,Government,SAFE targets deserving + meritorious financially-constrained students,,,150 Talent Scholarships worth Rs 70 lac over 2 yrs (UCC level); freeships for high-scoring FSc students,https://gcuf.edu.pk/scholarships/
Federal Urdu University (FUUAST),No internal own-resource program - only external Bait-ul-Mal/HEC/Ehsaas/PEEF listed,Not specified,Other,Government,External only,,,External programs cover fee+stipend,https://fuuastisb.edu.pk/Scholarship.aspx
University of Malakand,No internal own-resource program - only external Frontier Education Foundation (FEF) & KP Zakat stipends,Not specified,Other,NGO / Foundation,External only,,,"FEF: Rs 50,000/student/yr for 4-yr BS; Zakat stipend",https://www.uom.edu.pk/osfa/
"Abdul Wali Khan University, Mardan (AWKUM)","AWKUM Own Source (Fund) Scholarships (need-based, since Feb 2010) + Position Holder Scholarships",Not specified,Need + Merit,Government,Own-source fund running since 2010,,,Financial assistance to UG/grad students; merit amounts not fully published,news.awkum.edu.pk
"Shah Abdul Latif University (SALU), Khairpur",Freeships & Bursaries (full/half tuition waiver) + Departmental/Merit Scholarships,Not specified,Need + Merit,Government,Per SALU Prospectus 2024: Freeship 10% of enrolled students; Bursaries 2.5% of enrolled students,,10,Full/half tuition-fee waiver + bursaries per fixed ratio,salu.edu.pk
"Karakoram International University (KIU), Gilgit-Baltistan",Financial Aid Office scholarships (position holders + needy talented students; largely external/donor-funded),Not specified,Need + Merit,Government,Genuine Financial Aid Office exists; concretely named programs mostly external/partner-funded,,,Not specifically published for KIU-own funds,https://scholarships.kiu.edu.pk/
"University of Azad Jammu & Kashmir (UAJK), Muzaffarabad",University Endowment Fund + Students Scholarship Fund + Departmental Merit Scholarships (top 3/class),Not specified,Need + Merit,Government,"Departmental merit for top 3 in class, up to 12 months",,,Endowment/scholarship fund support; departmental merit amounts not specified,https://uajk.edu.pk/directorate-students-financial-assistance/
"Superior University, Lahore","13-16 categories: High Achievers, Merit-Based, Alumni, Kinship, Rector's Women Empowerment, Sportsmen, Differently-Abled, Children of Martyrs, Remote Area, Qarz-e-Hasna",Not specified,Need + Merit,Private,"Retain CGPA ≥2.00, no ≥2 F grades",,,90%+=100% tuition; 85-89.9%=75%; 75-84.9%=50%; 70-74.9%=40%; 60-69.9%=30%; 50-59.9%=20%; Women Empowerment=30%; Disabled=50%; Martyrs' children=100%,https://www.superior.edu.pk/admissions-2/scholarships/
"University of South Asia (USA), Lahore",Merit Scholarships + Work-Based Scholarship + Study Loan,Not specified,Need + Merit,Private,Work-Based requires ~10 hrs/week work commitment,,,Work-Based=30-40%; + additional 40% Study Loan (repay after employment); free A/C dorm for female students (Cantt campus),https://usa.edu.pk/apply-now/
Foundation University Islamabad (FUI),FUI Merit Scholarships + Need-Based Financial Loan Program (Qarza-e-Hasna),Not specified,Need + Merit,Private,Not fully confirmed via direct official page,,,Merit scholarships + interest-free loan (coverage not published),fui.edu.pk
"Dow University of Health Sciences (DUHS), Karachi",'University Own Resources' scholarships + DUHS Student Study Loan (interest-free),Not specified,Need-based,Private,Financial Aid Office assesses family income/dependents/assets,,,Interest-free study loan; own-resource assistance for small number of students,https://www.duhs.edu.pk/grants-scholarships/
"Shifa Tameer-e-Millat University (STMU), Islamabad",Statutory Financial Assistance Program (fee discounts/installments) + STMU National Scholarship Test,Not specified,Need + Merit,Private,Governed by University Financial Assistance Committee; funded partly by internal endowment fund,,,Fee discounts (up to 100% for high performers cited); fee installments; Shifa-family employee discounts,https://stmu.edu.pk/admissions/financial-assistance/
"National University of Modern Languages (NUML), Islamabad","NUML Support Fund (internal, employee donations & Zakat) + Charagh-e-Badr + NUML Adoption Program",Not specified,Need-based,Private,Financially deprived families; case-by-case assessment,,,"Financial assistance from fund (case-by-case, amount not fixed)",https://www.numl.edu.pk/scholarship/NUML%20Support%20Fund
University of Lahore (UOL),Merit Scholarships + Need-Based Scholarships + Kinship Concession + Disability Scholarships + Fully-Funded Top-Scorer Scholarship (100% for 90%+ intermediate),Not specified,Need + Merit,Private,Maintain CGPA ≥3.0; ~half tuition deposit required before applying for aid,,,Merit slabs by CGPA/marks; fully-funded scheme=100% tuition for 90%+ intermediate; ~35% of students receive some support,https://uol.edu.pk/admissions/scholarships/
"Sir Syed University of Engineering & Technology (SSUET), Karachi",Scholarship & Financial Assistance: Merit + Brother & Sister (sibling) + Financial Assistance/Free-ship,Not specified,Need + Merit,Private,Only regular full-load students; SSUET staff children & other-source scholarship holders not eligible,,,Free-ship=100% tuition (top category); partial merit/financial assistance for others,https://www.ssuet.edu.pk/
"Hajvery University, Lahore",Academic Excellency (Merit) + Need-Based Financial Aid + Family Tuition Waiver + Women + Sportsmen + Differently-Abled + Remote Area + Shuhada/Govt-Teacher Children,Not specified,Need + Merit,Private,Income certificates + Financial Aid Committee interview; aid applies to tuition fees only,,,Academic Excellency=up to 50% tuition; Differently-Abled=up to 70%; Family Waiver=25%; Need-based case-by-case,https://hup.edu.pk/aid-and-scholarships/
Preston University,"100%/75% Merit (competitive test, first-division) + 50% Fee Waiver (meritorious/poor, discretionary) + Special Scholarships (armed forces/police/govt employees/journalists' dependents)",Not specified,Need + Merit,Private,Cancellable if performance not maintained; discretionary award,,,"100%, 75%, or 50% fee/merit waiver depending on category",https://preston.edu.pk/pu_fa.php
"Ilma University, Karachi",Merit-Based + Need-Based + Sports-Based + Financial Assistance + Hafiz-e-Quran + Disabled Persons + Qarz-e-Hasna,Not specified,Need + Merit,Private,One combined application form; award on overall admissions score (grades + aptitude test + family financial status),,,Merit ranges 10%-100%; up to 100% tuition waiver for deserving candidates; ~80% of students benefit (self-reported),https://ilmauniversity.edu.pk/Scholarships
"Greenwich University, Karachi",Greenwich Scholarships: Need + Merit + Extracurricular + Sports categories,Not specified,Need + Merit,Private,Review + admission test + interview,,,Partial or full tuition-fee coverage depending on eligibility (% not published),https://www.greenwich.edu.pk/Home/Scholarships
"Muhammad Ali Jinnah University (MAJU), Karachi",Merit Scholarships + Need-Based Scholarship + Alumni + Sibling + Semester GPA-Based + Sports + Differently-Abled + Faculty/Staff Dependents + Qarz-e-Hasna,Not specified,Need + Merit,Private,"Continuation min CGPA (UG 2.50), full course load, one scholarship at a time",,,"1st sem: 85%+=100%, 80-84.9%=75%, 75-79.9%=50%; from 2nd sem tied to CGPA; Need-Based=up to 100%; Alumni=100% admission fee+25% tuition; Sibling=25% tuition",https://jinnah.edu/scholarship/
"Sindh Madressatul Islam University (SMIU), Karachi",No distinct internal program - mainly administers HEC Need-Based + SEEF (provincial),Not specified,Need-based,Government,No published university-treasury scheme,,,Per external scheme,https://smiu.edu.pk/students/scholarships
"Liaquat University of Medical & Health Sciences (LUMHS), Jamshoro",LUMHS Free-ship / Financial Assistance (institutional fee waiver),Not specified,Need-based,Government,"Parent/guardian income up to Rs 50,000/month; self-finance/overseas excluded; sibling cases entertained",50000,,Fee remission (free-ship),lumhs.edu.pk
"Khyber Medical University (KMU), Peshawar",KMU Financial Assistance/Need-Based Scholarship (funded from KMU endowment fund),Not specified,Need-based,Government,For needy/deserving enrolled UG/grad students; subject to fund availability,,,Financial assistance (amount not fixed),kmu.edu.pk (IBMS/IPH & Nursing Prospectus 2025-26)
Rawalpindi Medical University (RMU),No internal own-funded scheme - Punjab Govt merit + Local Bodies + HEC/Ehsaas/PEEF (all external),Not specified,Other,Government,Based on professional-exam results,,,Fixed annual stipends; free housing for some low-income students (external funds),rmur.edu.pk/scholarships
"King Edward Medical University (KEMU), Lahore",KEMU Need-Based Scholarship for MBBS Students (own SOPs) + Notice of Thanks Scholarship (1st-yr MBBS),Not specified,Need + Merit,Government,Published SOPs (2020); distinct from HEC/Ehsaas,,,Not fully itemized,kemu.edu.pk/scholarships
"University of Health Sciences (UHS), Lahore / Allama Iqbal Medical College",UHS Merit Scholarship + UHS Need-Based Scholarship (own-funding vs HEC pass-through unclear),Not specified,Other,Government,Not fully specified,,,Not clearly specified,uhs.edu.pk (scholarships section)
"Nishtar Medical University (NMU), Multan","Merit + need-based aid referenced; several named schemes are alumni/donor-run, not university-treasury",Not specified,Other,Government,Need basis with acceptable grades,,,Not itemized,nmu.edu.pk
Ayub Medical College / Abbottabad University of Science & Technology (AUST),AUST: 'various scholarships and financial support' + laptop scheme. Ayub Medical College: govt/HEC-based only,Not specified,Other,Government,Not itemized,,,Not itemized,aust.edu.pk
"Hazara University, Mansehra",Merit & Need-Based Scholarships + 50% Tuition Scholarship in selected programs (advertised),Not specified,Other,Government,Advertised on homepage; no dedicated policy page found,,,Up to 50% tuition in selected programs,hu.edu.pk
University of Haripur (UOH),Financial Aid & Development Office - includes explicit 'university-funded initiatives',Not specified,Other,Government,Multiple scholarship/financial-assistance programs,,,"Rs 193M to 4,631 students (2022-2025) cited - not independently corroborated",uoh.edu.pk/scholarships
Kohat University of Science and Technology (KUST),KUST Merit Scholarship + KUST Endowment Fund Scholarship (own endowment) + sibling concessions,Not specified,Need + Merit,Government,"Merit: 70% marks or SGPA≥3.00, top 20% of class. Endowment: for talented but financially deprived/disabled students",,70,Merit scholarship for ~20% of qualifying students/class; endowment covers deprived students,kust.edu.pk
"Gomal University, Dera Ismail Khan",No internal own-funded scheme - evidence indicates Ehsaas/HEC need-based administration,Not specified,Other,Government,Not documented,,,Not documented,gu.edu.pk
"Islamia College University, Peshawar (ICUP)","~18 government/NGO scholarships listed (FEF, HEC, Senior Alumni Assoc, Zakat, Bait-ul-Mal, Fauji Foundation) - no distinct university-treasury scheme",Not specified,Other,NGO / Foundation,Per external scheme,,,Per external scheme,icp.edu.pk
"University of Poonch Rawalakot (UPR), AJK",Student Welfare Fund (internal) via Directorate of Student Financial Assistance & University Advancement + Ehsaas/HEC/HBL (external),Not specified,Other,Government,DSFA mandate covers Govt/HEC/UPR/donor schemes,,,Not itemized for internal Welfare Fund,upr.edu.pk
"Mirpur University of Science and Technology (MUST), AJK","Students Assistance Centre (SAC) - own coordinating office, but documented scholarships predominantly external (HEC, govt, private donors)",Not specified,Other,Private,Per external scheme,,,Per external scheme,must.edu.pk/students-assistance-centre-sac
Women University Multan (WUM),WUM Students Welfare Fund (institutional) + Kinship Fee Refund + Hafiz-e-Quran Fee Refund + Orphan/Poor-Student Refund (VC's disposal),Not specified,Need-based,Government,"Monthly income ≤Rs 45,000; merit admission required; excludes distance/evening/self-finance. Kinship: 1st sister 50%, 2nd sister 25%",45000,50,"Monthly stipend Rs 3,000-5,000; 25-50% kinship refunds; full fee refund for orphans/Hafiz-e-Quran (2 students/yr)",wum.edu.pk/student-financial-aid-office-sfao
"Lasbela University of Agriculture, Water and Marine Sciences (LUAWMS)","No internal own-funded scheme - BEEF, Bait-ul-Mal, PEF/Zakat, NEST, USAID all external",Not specified,Other,Government,Per external scheme (BEEF: top-10 CGPA≥3.00),,,Per external scheme,luawms.edu.pk/Scholarships
"University of Turbat (UOT), Balochistan","No internal own-funded scheme - HEC Need-Based, PBM, BEEF, PM Fee Reimbursement + philanthropist-sponsored (Kareem Dashti, Meer Ilahi Bakhsh)",Not specified,Other,Government,Per external/donor scheme,,,Not itemized,uot.edu.pk/offices/financial-aid-office
"Balochistan University of IT, Engineering & Management Sciences (BUITEMS), Quetta",Merit + need-based scholarships referenced in admission structure; endowment reported at Rs 30M,Not specified,Other,Government,Merit from FSc (60%) + entry test,,60,Not itemized,buitms.edu.pk
"Ghazi University, Dera Ghazi Khan (GUDGK)","No internal own-funded scheme - PEEF, CM Honhaar, HEC Need-Based, PBM, KSA scholarships all external/govt",Not specified,Other,Government,Per external scheme,,,Per external scheme,gudgk.edu.pk/scholarships
"University of Education (UE), Lahore","University of Education Merit-Based Scholarship (UEMBS) + UE Need-Based Scholarship (own funds, Rs 22.0M allocated)",Not specified,Need + Merit,Government,"Merit: top 3/program/campus/shift on admission merit/CGPA. Need: 10% of total students/program, income threshold applied",,10,UEMBS: 100%/75%/50% tuition for pos 1/2/3; Need-based to 10% of students/program; Rs 22.0M allocated for merit,ue.edu.pk/fao/scholarships
Virtual University of Pakistan (VU),VU Need-Based Scholarships + Merit-Based Scholarships (Student Scholarship Regulations 2015) + Shuhada fee concession,Not specified,Need + Merit,Government,"Need-based limited to local students not receiving other aid, no failed/repeated courses",,,Partial/full remission of tuition fee only (other dues payable); valid 1 semester at a time,vu.edu.pk/pages/VUScholarships
Allama Iqbal Open University (AIOU),AIOU Fee-Concession Schemes incl. 'Scholarship for Communities' (SSF-106/Student Support Fund) + disability waivers + Matric Free Education Plan,Not specified,Need-based,Government,"For disabled, orphans, children of Shuhada/prisoners, transgender; monthly income threshold for needy students",,,Fee concession 35%-100%; full fee waiver (except admission/registration) for completely blind persons,aiou.edu.pk (SSF-106 form)
"Institute of Space Technology (IST), Islamabad",IST Merit Scholarship + IST Need-Based Scholarship (own funds) + interest-free loans,Not specified,Need + Merit,Government,"Merit: top students per discipline/batch on admission merit + SGPA/CGPA. One scholarship (merit or need, higher) at a time",,,Top 3 students per discipline/program (merit); need-based from IST's own funds,ist.edu.pk/admission
"National Textile University (NTU), Faisalabad","NTU Merit Scholarship (every semester) + internal need-based scholarships (Iqbal/Bashir Begum, Batool Muzaffar, CHT - donor-endowed, NTU-administered)",Not specified,Need + Merit,Government,"Merit: 1st/2nd/3rd position, CGPA≥3.50. Need: CGPA thresholds + family-income assessment by Institutional Scholarship Award Committee",,,Merit each semester; need-based tuition support; ~Rs 103M disbursed since 2003 (NTU self-report),ntu.edu.pk/financial-aid-scholarship
"Pak-Austria Fachhochschule Institute of Applied Sciences & Technology (PAF-IAST), Haripur",PAF-IAST Need-Based Scholarship + Semester Merit Scholarship + Talent Award + Kinship Fee Waiver,Not specified,Need + Merit,Government,Merit: prior-semester GPA/position. Need: family financial assessment. Kinship: for siblings,,,"'16 Scholarship Categories, Rs 210.9M PAF-IAST Funded, 902 PAF-IAST Funded Students'; kinship up to 50% for one sibling",paf-iast.edu.pk/scholarships
"Capital University of Science and Technology (CUST), Islamabad",CUST Merit-Based Scholarships + Need-Based Scholarships + alumni/disabled/kinship fee waivers,Not specified,Need + Merit,Private,"Merit tied to FA/FSc marks (100% board toppers, then 75/50/25/12.5% on 80/75/70%), continuation tied to CGPA (3.95+ for 100%)",,100,Up to 100% tuition; CUST 'distributes annually over 500 million' under various scholarship schemes (self-report),cust.edu.pk/scholarship
"University of Wah (UW), Wah Cantt",UW Merit-Based Scholarship + UW Need-Based Financial Assistance (incl. Kinship/POF Employees/UW Employees) + 10% fee concession (MDC completers),Not specified,Need + Merit,Private,"Merit on class size/GPA (position holders); need-based min GPA 2.50, no F/D grade",,,"80%/40%/30% tuition for pos 1/2/3; >Rs 110M distributed since 2010 to ~6,000 students (self-report)",admissions.uow.edu.pk/admissions/Scholarships
"Institute of Business and Technology (IBT/BIZTEK), Karachi",Own merit + need-based scholarships + installment plans (NOTE: institution now upgraded to Ilma University),Not specified,Need + Merit,Private,Not fully captured,,,Not itemized,ibt.edu.pk / ilmauniversity.edu.pk
"Newports Institute of Communications and Economics (NICE), Karachi",Merit Scholarship (top-3 position holders) + Need-Based/Financial Assistance + extracurricular/talent + Hafiz-e-Quran + sibling discount + work-study,Sindh,Need + Merit,Private,Income assessment for need track,,,Up to 50% tuition-fee waiver (merit and need tracks),newports.edu.pk/scholarships
"Indus University, Karachi",Merit & Need-Based Scholarships - top 3/dept with GPA≥3.7; board toppers 100%; 50% for ≥80% intermediate marks; sibling/early-bird discounts,Not specified,Need + Merit,Private,GPA/intermediate marks thresholds,,,100% (board toppers); 50% (≥80% marks); up to 50% need-based,indus.edu.pk
"Jinnah University for Women (JUW), Karachi",Merit Scholarship (GPA 4.0) + Financial Assistance Scholarship (need-cum-merit) + sibling concession,Not specified,Need + Merit,NGO / Foundation,Merit: GPA 4.0 for 50% next 2 semesters. Need: financial constraint + min 2.75 GPA,,50,50% tuition (merit + sibling); need-based variable; renewable every 2 semesters,juw.edu.pk/financial-assistance
"Times Institute / Times University, Multan","Own need-based + merit-based scholarships; BS stipend ~Rs 4,000/month; 40% concession on MS/MPhil first fee",Not specified,Need + Merit,Private,Retention requires ≥75% exam result and ≥75% attendance,,75,"Rs 4,000/month (BS stipend); 40% concession (MS/MPhil)",tum.edu.pk/admissions/scholarships
"Iqra National University (INU), Peshawar","INU merit-based waivers (up to 30% tuition), need-based aid, kinship discounts",Not specified,Need + Merit,Private,Distinct campus from Iqra University Karachi (already in your list),,,Up to 30% tuition (merit),inu.edu.pk
"City University of Science and Information Technology (CUSIT), Peshawar","Internal scholarship scheme - need-based (20-50%), 30% PMEI alumni/families, 50% female students (select programs), merit-based",Not specified,Need + Merit,Private,Categories confirmed on official site; % partly corroborated via secondary source,,,Need 20-50%; PMEI-affinity 30%; female-specific 50%,cityuniversity.edu.pk
"Dadabhoy Institute of Higher Education (DIHE), Karachi",Merit scholarships + need-based financial help ('no student denied admission due to financial need') + installment plans,Sindh,Need + Merit,NGO / Foundation,Academic performance (merit); financial need (need),,,Not itemized,dadabhoy.edu.pk
"Government Sadiq College Women University (GSCWU), Bahawalpur","No internal own-funded scheme - MORA Ushr/Zakat, PM Fee Reimbursement, PEEF, HEC Merit & Need-Based all government/external",Not specified,Other,Government,Per external scheme,,,Per external scheme,gscwu.edu.pk
