id,name,city,province,sector,website_url
0,Abasyn University,Peshawar,,,https://www.abasyn.edu.pk/
1,Abbottabad University of Science and Technology,"Havelian, Abbottabad",,,https://www.ilmkidunya.com/colleges/abbottabad-university-of-science-and-technology-aust-abbottabad-merit-lists.aspx
2,Abdul Wali Khan University Mardan,Mardan,,,https://www.result.pk/merit-list/abdul-wali-khan-university-mardan/bba/mardan-latest/
3,Aga Khan University,Karachi,,,https://www.aku.edu/admissions/Documents/admission-information-BScM-ke.pdf
4,Air University,Islamabad,,,https://www.au.edu.pk/pages/admission/eligibility_criteria.aspx
5,Al-Hamd Islamic University,Quetta (also Islamabad campus),,,https://pmdc.org.pk/al-hamd-islamic-university-aiu-admission-guide/
6,Al-Karam International Institute,"Bhera, Sargodha District (also Al-Karam International University, Islamabad)",,,https://www.jobz.pk/al-karam-international-university-admission-in-bcs-mcs-and_admissions-21611.html
7,Al-Qadir University,"Sohawa, Jhelum",,,https://alqadir.edu.pk/criteria-bs-management/
8,Ali Institute of Education,Lahore,,,https://www.ilmkidunya.com/colleges/ali-institute-of-education-lahore-admission.aspx
9,Allama Iqbal Open University,Islamabad,,,https://moawin.pk/admission_details/1396
10,Aror University of Art Architecture Design & Heritage,"Rohri Bypass N-5, Sukkur",,,https://aror.edu.pk/admissions/
11,Baba Guru Nanak University,Nankana Sahib,,,https://hep.punjab.gov.pk/Publicprograms/institute_detail/?institute_id=865&subject_id=2791
12,Bacha Khan University,Charsadda,,,https://www.ilmkidunya.com/colleges/bacha-khan-university-charsadda-admission.aspx
13,Bahauddin Zakariya University,Multan,,,https://www.result.pk/colleges/bahauddin-zakariya-university-bzu-multan-merit-list.html
14,Bahria University,Islamabad,,,https://www.edumap.blog/2025/09/bahria-university-aggregate-calculator-for-medical-programs.html
15,Balochistan University of Engineering and Technology,Khuzdar,,,https://admissionscorner.com/buetk-khuzdar-admissions/
16,Balochistan University of IT Engineering and Management Sciences,Quetta,,,https://pmdc.org.pk/balochistan-university-of-information-technology-engineering-and-management-sciences-buitems-admission-guide/
17,Baltistan University,Skardu,,,https://uobs.edu.pk/admissions/
18,Baqai Medical University,Karachi,,,http://www.baqai.edu.pk/
19,Beaconhouse National University,"Tarogil, Off Thokar Niazbeg, Raiwind Road, Lahore",,,https://www.ilmkidunya.com/colleges/beaconhouse-national-university-bnu-lahore-admission.aspx
20,Begum Nusrat Bhutto Women University,"Rohri Bypass N-5, Sukkur",,,https://bnbwu.edu.pk/wp-content/uploads/2022/10/Merit-list-fall-2022.pdf
21,Benazir Bhutto Shaheed University,"Lyari, Karachi",,,https://www.ilmkidunya.com/colleges/benazir-bhutto-shaheed-university-lyari-karachi-admission.aspx
22,Benazir Bhutto Shaheed University of Technology and Skill Development,"Prof. Hami Cooperative Society, Hami Road, Khairpur, Sindh (formerly Govt. College of Technology Khairpur)",,,https://en.wikipedia.org/wiki/Benazir_Bhutto_Shaheed_University_of_Technology_and_Skill_Development
23,CECOS University,Peshawar,,,https://www.cecos.edu.pk/
24,COMSATS University Islamabad,Islamabad,,,https://lahore.comsats.edu.pk/Academics/Offered-Programs.aspx
25,Capital University of Science & Technology,Islamabad,,,https://pmdc.org.pk/capital-university-of-science-technology-cust-islamabad/
26,City University of Science and IT Peshawar,Peshawar,,,https://gotest.com.pk/merit-list/city-university-peshawar-merit-list/
27,DHA Suffa University,"DHA Phase VII (Extension), Karachi",,,https://pmdc.org.pk/dha-suffa-university-karachi/
28,Dadabhoy Institute of Higher Education,Karachi,,,https://www.vstudents.org/education/dihe-karachi-admissions/
29,Dawood University of Engineering and Technology,Karachi,,,https://admissions.duet.edu.pk/admission-policy/
30,Dow University of Health Sciences,Karachi,,,https://www.paklearningspot.com/2022/12/expected-mbbs-closing-merit-of-medical.html
31,Emaan Institute of Management and Sciences,"E-136, Abul Hassan Isphahani Road, Block 7, Gulshan-e-Iqbal, Karachi",,,https://www.result.pk/colleges/emaan-institute-of-management-and-sciences-admission.html
32,Emerson University Multan,Multan,,,https://eum.edu.pk/merit-list/
33,Faisalabad Medical University,Faisalabad,,,https://pmdc.org.pk/faisalabad-medical-university-fmu-admission-guide/
34,Fatima Jinnah Women University,Rawalpindi,,,https://fjwu.edu.pk/admission-criteria/admission-requirements/
35,Federal Urdu University of Arts Science and Technology,Karachi (also Islamabad campus),,,https://sciknowledgehub.com/federal-urdu-university-of-arts-sciences-technology-fuuast-admission-details/
36,Forman Christian College University,Lahore,,,https://ratta.com.pk/fc-college-merit-list/
37,Foundation University Islamabad,Islamabad,,,https://pmdc.org.pk/foundation-university-islamabad-fui-admission-guide/
38,GIFT University,Gujranwala,,,https://www.vstudents.org/education/gift-university-gujranwala-admissions/
39,Ghazi National Institute of Engineering & Sciences,Dera Ghazi Khan,,,https://pmdc.org.pk/ghazi-national-institute-of-engineering-sciences-gnies-dera-ghazi-khan/
40,Ghazi University,Dera Ghazi Khan,,,https://gu.edu.pk/
41,Ghulam Ishaq Khan Institute,"Topi, Swabi",,,https://giki.edu.pk/admissions/admissions-undergraduates/eligibility-criteria/
42,Gomal University,Dera Ismail Khan,,,https://pmdc.org.pk/gomal-medical-college-dera-ismail-khan/
43,Government College University Faisalabad,Faisalabad,,,https://meraadmission.net/government-college-university-faisalabad-gcuf-admission-guide/
44,Government College University Lahore,Lahore,,,http://dcs.gcu.edu.pk/DCS/criteria
45,Government Sadiq College Women University,Bahawalpur,,,https://www.result.pk/merit-list/the-government-sadiq-college-women-university/bs-artificial-intelligence/bahawalpur-latest/
46,Government Viqar-un-Nisa Women University,"Sir Syed Chowk, Tipu Road, Rawalpindi",,,https://pu.edu.pk/affiliation/collegeinfo/301/Govt.-Viqar-un-Nisa-Graduate-College-for-Women-Rawalpindi
47,Grand Asian University Sialkot,Sialkot,,,https://www.pakadmissions.com/grand-asian-university-sialkot-spring-admission-2026
48,Green International University,Lahore,,,https://jaamiah.com/university/the-green-international-university-lahore/
49,Greenwich University,"DHA Phase 6, Karachi",,,https://www.greenwich.edu.pk/eligibility-criteria
50,HITEC University,Taxila,,,http://www.hitecuni.edu.pk/
51,Habib University,Karachi,,,https://www.ilmkidunya.com/colleges/habib-university-karachi-admission.aspx
52,Hajvery University,Lahore (also Sheikhupura campus),,,https://hup.edu.pk/merit-list/
53,Hamdard University,Karachi,,,http://www.hamdard.edu.pk/
54,Hazara University,Mansehra,,,https://www.hu.edu.pk/program/15
55,Hyderabad Institute for Technical & Management Sciences,"Kohsar, Hyderabad",,,https://blog.travel-culture.com/2026/05/18/hyderabad-institute-for-technology-and-management-sciences-admissions-2026/
56,IBADAT International University Islamabad,"Sihala, Islamabad",,,https://resultinfo.pk/ibadat-international-university-islamabad-admission/
57,IQRA National University,Peshawar,,,https://www.ilmkidunya.com/colleges/iqra-national-university-inu-peshawar-admission.aspx
58,Ilma University,"Korangi Creek, Karachi",,,https://www.ilmkidunya.com/colleges/ilma-university-karachi-admission.aspx
59,Imperial College of Business Studies,Lahore,,,https://imperial.edu.pk/wp-content/uploads/2022/09/Admission-Policy-Final-2022-ICBS.pdf
60,Indus University,Karachi,,,https://blog.maqsad.io/blog/indus-university-admission-guide
61,Indus Valley School of Art and Architecture,"Clifton, Karachi",,,https://www.vstudents.org/education/indus-valley-karachi-admissions/
62,Information Technology University of the Punjab,"Arfa Software Technology Park, Ferozepur Road, Lahore",,,https://itu.edu.pk/admissions/application-process/
63,Institute for Art and Culture,Lahore,,,https://www.hec.gov.pk/english/universities/Pages/Punjab/Institute-for-Art-and-Culture.aspx
64,"Institute of Business Administration, Karachi (IBA)",Karachi,,,https://admissions.iba.edu.pk/
65,Institute of Business Management,Karachi,,,https://pmdc.org.pk/institute-of-business-management-iobm-admission-guide/
66,Institute of Management Sciences Peshawar,Peshawar,,,https://jaamiah.com/university/imsciences-peshawar/
67,Institute of Space Technology,Islamabad,,,https://www.eduvision.edu.pk/merit/ist-merit-calculator.php
68,International Islamic University Islamabad,Islamabad,,,https://www.iiu.edu.pk/about-iiu/location/
69,Iqra University,Karachi (also Islamabad campus),,,https://www.iqrauni.edu.pk/admission-criteria
70,Islamia College University,Peshawar,,,https://pmdc.org.pk/islamia-college-university-peshawar-icup-admission-guide/
71,Jinnah Sindh Medical University,Karachi,,,http://www.jsmu.edu.pk
72,Jinnah University for Women,"5-C Nazimabad, Karachi",,,https://www.ilmkidunya.com/admissions/Admission-Open-in-Jinnah-University-for-Women-Karachi-23226.aspx
73,KASB Institute of Technology,Karachi (3 campuses),,,https://kasbit.edu.pk/
74,Karachi Institute of Economics and Technology (PAF-KIET),"Korangi Creek, Karachi",,,https://kiet.edu.pk/faqs/
75,Karachi Institute of Medical Sciences (KIMS Malir),"Malir, Karachi (affiliated with Combined Military Hospital Malir)",,,https://www.pakadmissions.com/karachi-institute-of-medical-sciences-malir-karachi-kims-karachi
76,Karachi Institute of Technology & Entrepreneurship,"Plot 3 & 3A, Sector 47, Korangi Creek Road, Karachi",,,http://kite.edu.pk/faqs/
77,Karachi School for Business and Leadership (KSBL),"National Stadium Road, Karachi",,,https://blog.maqsad.io/blog/ksbl-admission-guide
78,Karakoram International University,Gilgit,,,https://www.pakadmissions.com/karakoram-international-university-gilgit-kiu-ghizer-spring-admissions-2026
79,Khawaja Fareed University of Engineering and Information Technology,Rahim Yar Khan,,,https://www.ilmkidunya.com/colleges/khwaja-fareed-university-of-engineering-and-information-technology-rahim-yar-khan-merit-lists.aspx
80,Khushal Khan Khattak University,"Opposite Tableghi Markaz, Karak",,,https://kkkuk.edu.pk/provisional-merit-list-of-departments-for-admission-fall-2025/
81,Khyber Medical University,Peshawar,,,https://caspr.kmu.edu.pk/list.php
82,King Edward Medical University,Lahore,,,https://mbbs.org.pk/kemu-admission/
83,Kinnaird College for Women University,Lahore,,,https://www.pakadmissions.com/kinnaird-college-for-women-lahore-kcw-fall-admission-2026
84,Kohat University of Science and Technology,Kohat,,,https://kust.edu.pk/
85,Kohsar University Murree,Murree,,,https://www.ilmkidunya.com/colleges/kohsar-university-murree-admission.aspx
86,Lahore Garrison University,Lahore,,,https://lgu.edu.pk/merit-list/
87,Lahore Leads University,Lahore,,,https://gotest.com.pk/admissions/lahore-leads-university-admissions/
88,Lahore School of Economics,"DHA Phase VI, Lahore (also Gulberg city campus)",,,https://pmdc.org.pk/lahore-school-of-economics-lse-admission-guide/
89,Lahore University of Biological and Applied Sciences,Lahore,,,https://ubas.edu.pk/
90,Lahore University of Management Sciences,Lahore,,,https://www.vstudents.org/education/lums-university-lahore-admissions/
91,Lasbela University of Agriculture Water and Marine Sciences,"Uthal, Lasbela",,,https://www.result.pk/colleges/lasbela-university-of-agriculture-water-and-marine-sciences.html
92,Liaquat University of Medical and Health Sciences,Jamshoro,,,http://www.lumhs.edu.pk
93,Malir University of Science and Technology,"Koohi Goth, Deh Landhi, Bin Qasim Town, National Highway, Karachi",,,https://maliruniversity.edu.pk/
94,Mehran University of Engineering and Technology,Jamshoro,,,https://pmdc.org.pk/mehran-university-engineering-technology-muet-admission-guide/
95,Millennium Institute of Technology and Entrepreneurship,"Korangi Creek, Karachi",,,https://www.arqumhouse.edu.pk/millennium-institute-of-technology-entrepreneurship-karachi-admission
96,Mir Chakar Khan Rind University,"Luni Road, Sibi, Balochistan",,,https://jaamiah.com/university/mir-chakar-khan-rind-university-sibi/
97,Mirpur University of Science and Technology,"Allama Iqbal Road, Mirpur, Azad Kashmir",,,https://www.ilmkidunya.com/colleges/mirpur-university-of-science-technology-must-mirpur-azad-kashmir-merit-lists.aspx
98,Muhammad Ali Jinnah University,Karachi,,,http://www.jinnah.edu
99,Muhammad Nawaz Sharif University of Agriculture,Multan,,,https://gotest.com.pk/merit-list/mns-university-of-agriculture-multan-merit-list/
100,Multan University of Science and Technology,Multan,,,https://pmdc.org.pk/multan-university-of-science-and-technology-must-admission-guide/
101,Muslim Youth University,Islamabad,,,https://www.ilmkidunya.com/colleges/muslim-youth-university-admission.aspx
102,NED University of Engineering and Technology,Karachi,,,https://www.eduvision.edu.pk/entry-test/ned-entry-test-pattern-deadline-weightage-aggregate-merit
103,Namal University,Mianwali,,,https://studies.com.pk/namal-university-mianwali-merit-list/
104,National College of Arts,Lahore (also Rawalpindi campus),,,https://jaamiah.com/university/national-college-of-arts-university/
105,National College of Business Administration and Economics,Lahore,,,http://www.ncbae.edu.pk
106,National Defence University,Islamabad,,,https://ndu.edu.pk/admissions.php
107,National Skills University,"H-8/1, Islamabad",,,https://nsu.edu.pk/bba
108,National Textile University,Faisalabad,,,http://www.ntu.edu.pk/
109,National University of Computer and Emerging Sciences,Islamabad,,,https://maqsad.io/fast-aggregate-calculator
110,National University of Medical Sciences,Rawalpindi,,,https://mdcatmentor.org/nums-mdcat/
111,National University of Modern Languages,Islamabad (multi-campus),,,https://pmdc.org.pk/national-university-modern-languages-numl-admission-guide/
112,National University of Sciences and Technology,Islamabad,,,https://blog.maqsad.io/blog/nust-closing-merits
113,National University of Technology,Islamabad,,,https://en.wikipedia.org/wiki/National_University_of_Technology
114,Nazeer Hussain University,"ST-2 Block-4, Federal B Area, Karachi",,,https://admissions.com.pk/nhu-admission/
115,Newports Institute of Communications and Economics,Karachi (3 campuses),,,https://www.studysolutions.pk/newports-institute-of-communication-and-economics-karachi-admission
116,Nishtar Medical University,Multan,,,https://www.ilmkidunya.com/colleges/nishtar-medical-college-multan-merit-lists.aspx
117,Northern University Nowshera,"Wattar Walai Ziarat, Kaka Sahib Road, Nowshera Cantt",,,https://www.result.pk/colleges/northern-university.html
118,Pak-Austria Fachhochschule IAST,Haripur,,,https://www.paf-iast.edu.pk/
119,Pakistan Institute of Engineering and Applied Sciences,"Nilore, Islamabad",,,https://admissionscorner.com/pakistan-institute-of-engineering-and-applied-sciences-pieas-admissions/
120,Pakistan Institute of Fashion and Design,Lahore,,,https://www.pifd.edu.pk/admission.html
121,Pakistan Naval Academy,Karachi,,,http://myu.edu.pk/
122,Peoples University of Medical and Health Sciences for Women,Nawabshah,,,http://www.pumhs.edu.pk
123,Pir Abdul Qadir Shah Jeelani Institute of Medical Sciences (Gambat Medical College),"Station Road, Gambat, Khairpur Mirs District, Sindh",,,https://www.ilmkidunya.com/colleges/pir-abdul-qadir-shah-jeelani-institute-of-medical-sciences-gambat.aspx
124,Pir Mehr Ali Shah Arid Agriculture University,"Shamsabad, Murree Road, Rawalpindi",,,https://www.ilmkidunya.com/colleges/pir-mehar-ali-shah-university-of-arid-agriculture-uaar-rawalpindi.aspx
125,Preston University (Islamabad),Islamabad (also Kohat campus),,,https://jaamiah.com/university/preston-university-peshawar/
126,Preston University (Karachi),"North Nazimabad, Karachi",,,https://www.ilmkidunya.com/colleges/preston-university-karachi.aspx
127,Punjab Tianjin University of Technology,Lahore,,,https://admissionscorner.com/punjab-tianjin-university-of-technology-ptut-admissions/
128,Qalandar Shahbaz University of Modern Sciences,Karachi (also Hyderabad campus),,,https://alluniversities.pk/listing/qalandar-shahbaz-university-of-modern-sciences/
129,Qarshi University,Lahore,,,http://www.qu.edu.pk/
130,Quaid-e-Awam University of Engineering Science and Technology,Nawabshah,,,https://www.quest.edu.pk/static/pdfs/admission_advertisement_25_batch.pdf
131,Quaid-i-Azam University,Islamabad,,,https://qau.edu.pk/
132,Qurtuba University,Dera Ismail Khan / Peshawar,,,https://en.wikipedia.org/wiki/Qurtuba_University
133,Rashid Latif Khan University,Lahore,,,https://www.facebook.com/rlku.edu.pk/
134,Rawalpindi Medical University,Rawalpindi,,,https://pmdc.org.pk/rawalpindi-medical-university-rmu-admission-guide/
135,Riphah International University,Islamabad,,,https://riphah.edu.pk/admissions/
136,Riphah International University (Faisalabad Campus),"Satiana Road, Faisalabad",,,https://campusguru.pk/en/university/faisalabad/riphah-international-universityfaisalabad-campus
137,Riphah International University (Gujranwala Campus),"Near Gujranwala Medical College, Alipur Chatta Road, Gujranwala",,,https://riphahgrw.edu.pk/faq
138,Riphah International University (Sahiwal Campus),Sahiwal,,,https://riphahsahiwal.edu.pk/
139,Salim Habib University,"Deh Dih, Korangi Creek, Karachi",,,https://www.shu.edu.pk/faqs/
140,Sardar Bahadur Khan Women's University,Quetta,,,https://quettavoice.com/2026/07/15/quetta-balochistan-universities-admission-guide-uob-buitems-sbkwu-merit-lists-fees-and-scholarships/
141,Sarhad University of Science and IT,Peshawar,,,https://pmdc.org.pk/sarhad-university-of-science-and-information-technology-suit-admission-guide/
142,Shah Abdul Latif University,Khairpur,,,http://www.salu.edu.pk/newsdetail.aspx?id=R04tMTEyNC0xMQ%3D%3D
143,Shaheed Allah Bux Soomro University of Art Design and Heritages,"East Toll Plaza, Jamshoro",,,https://admissions.sabsu.edu.pk/admission-policy/
144,Shaheed Benazir Bhutto City University,"SITE Area, Karachi",,,https://jaamiah.com/university/shaheed-benazir-bhutto-city-university-khi/
145,Shaheed Benazir Bhutto Dewan University,"Korangi Industrial Area, Karachi",,,https://en.wikipedia.org/wiki/Shaheed_Benazir_Bhutto_Dewan_University
146,Shaheed Benazir Bhutto Women University,Peshawar,,,https://www.sbbwu.edu.pk/
147,Shaheed Zulfikar Ali Bhutto Institute of Science and Technology (SZABIST),"Karachi (also Islamabad, Larkana, Hyderabad, Benazirabad, Khairpur, Gharo, Sehwan campuses)",,,https://szabist.edu.pk/admission-requirements/
148,Shaheed Zulfiqar Ali Bhutto Medical University,Islamabad,,,http://www.szabmu.edu.pk/admission/mbbs-admission
149,Shaikh Ayaz University,Shikarpur,,,https://saus.edu.pk/
150,Shifa Tameer-e-Millat University,"H-8/4, Islamabad",,,https://stmu.edu.pk/admissions/eligibility-criteria/
151,Sindh Agriculture University,Tandojam,,,https://sau.edu.pk/wp-content/uploads/2024/08/Admission-Policy-2024-25-Final-Edit.pdf
152,Sindh Madressatul Islam University,Karachi,,,https://www.ilmkidunya.com/admissions/Admission-Open-in-Sindh-Madressatul-Islam-University-22256.aspx
153,Sir Syed University of Engineering and Technology,Karachi,,,https://www.ilmkidunya.com/colleges/sir-syed-university-of-engineering-and-technology-karachi-merit-lists.aspx
154,Sohail University,"Shaheed-e-Millat Road, Karachi",,,https://www.ilmkidunya.com/colleges/sohail-university-admission.aspx
155,Sukkur IBA University,Sukkur,,,https://www.iba-suk.edu.pk/
156,Superior University,Lahore,,,http://www.superior.edu.pk/
157,Textile Institute of Pakistan,Karachi,,,https://tip.edu.pk/admission-criteria/
158,Thal University,Bhakkar,,,https://gotest.com.pk/admissions/thal-university-bhakkar-admission/
159,The Islamia University of Bahawalpur,Bahawalpur,,,https://pmdc.org.pk/the-islamia-university-of-bahawalpur-iub-sialkot-admission-guide/
160,Times Institute,Multan,,,https://jaamiah.com/university/times-institute-multan/
161,University of Agriculture Dera Ismail Khan,"Fateh Morr, near Baahoo Flour Mill, Bhakkar Road, Dera Ismail Khan",,,https://jaamiah.com/university/university-of-agriculture-dik/
162,University of Agriculture Faisalabad,Faisalabad,,,https://pmdc.org.pk/university-of-agriculture-faisalabad-uaf-admission-guide/
163,University of Art and Culture Jamshoro,"Kohistan Valley, Gulshan Shahbaz, Jamshoro",,,https://uac.edu.pk/official/regulations/
164,University of Azad Jammu and Kashmir,Muzaffarabad,,,https://ajku.edu.pk/eligibility-criteria/
165,University of Balochistan,Quetta,,,http://www.admission.pk/universities/universities_display.aspx?university=ub
166,University of Central Punjab,Lahore,,,http://www.ucp.edu.pk/
167,University of Chakwal,Chakwal,,,https://educated.pk/university-of-chakwal-merit-list/
168,University of Child Health Sciences,Lahore,,,https://chich.edu.pk/admissions
169,University of Chitral,Chitral,,,https://jaamiah.com/university/university-of-chitral/
170,University of Dir,Timergara,,,https://en.wikipedia.org/wiki/University_of_Dir
171,University of Education,Lahore,,,https://www.vstudents.org/education/university-of-education-admissions/
172,University of Engineering & Applied Sciences Swat,Swat,,,https://ueas.edu.pk/
173,University of Engineering and Technology Lahore,Lahore,,,https://freetoolforge.org/tools/calculators/uet-merit-calculator
174,University of Engineering and Technology Taxila,Taxila,,,https://campusaxis.pk/merit-calculator/uet-taxila
175,University of Gujrat,Gujrat,,,https://www.ilmkidunya.com/colleges/university-of-gujrat-hafiz-hayat-campus-admission.aspx
176,University of Haripur,Haripur,,,https://www.uoh.edu.pk/
177,University of Health Sciences Lahore,Lahore,,,https://www.thenews.com.pk/print/553006-first-merit-list-of-mbbs-bds-admission
178,University of Jhang,Jhang,,,https://admissions.com.pk/university-of-jhang-admission/
179,University of Karachi,Karachi,,,https://www.uok.edu.pk/admissions/2024/ombsiyclos.pdf
180,University of Lahore,Lahore,,,https://blog.maqsad.io/blog/university-of-lahore-admission
181,University of Larkano,"Bakrani Road / Moen jo Daro-Airport Road, Larkana",,,https://www.ilmkidunya.com/colleges/university-of-larkano.aspx
182,University of Loralai,Loralai,,,https://www.ilmkidunya.com/colleges/university-of-loralai.aspx
183,University of Malakand,Chakdara,,,https://www.uom.edu.pk/
184,University of Management and Technology Lahore,Lahore,,,https://admissions.umt.edu.pk/Admissions-Schedule.aspx
185,University of Narowal,Narowal,,,https://educator.ac.pk/university-of-narowal-admission/
186,University of Okara,Okara,,,https://wslconsultants.com/university-of-okara-admission-2025/
187,University of Peshawar,Peshawar,,,http://brains.edu.pk
188,University of Sahiwal,Sahiwal,,,http://www.uosahiwal.edu.pk/
189,University of Sargodha,Sargodha,,,https://www.studocu.com/row/document/lahore-school-of-economics/monetary-economics/admission-notice-for-bs-in-computer-science-university-of-sargodha-2025/137387644
190,University of Science and Technology Bannu,Bannu,,,https://ustb.edu.pk/
191,University of Sialkot,Sialkot,,,https://pmdc.org.pk/university-of-sialkot-uos-admission-guide/
192,University of Sindh,Jamshoro,,,http://www.jsmu.edu.pk
193,University of South Asia,Lahore,,,https://www.diltak.com/university-of-south-asia-admission-fee-structure-programs-merit-list/
194,University of Sufism and Modern Sciences,"Bhitshah, Matiari District",,,https://admissionscorner.com/university-of-sufism-and-modern-sciences-admissions-fall/
195,University of Technology Nowshera,"Amangarh, Nowshera (Shuhada-e-APS University of Technology)",,,https://uotnowshera.edu.pk/wp-content/uploads/2025/08/2nd-Final-Admission-along-with-MS.pdf
196,University of Turbat,Turbat,,,https://uot.edu.pk/uot-admission-spring-2026-eligibility-criteria-instructions
197,University of Veterinary and Animal Sciences,Lahore,,,https://uvas.edu.pk/
198,University of Wah,Wah Cantt,,,https://admissions.uow.edu.pk/admissions/FinancialAidUnderGrad
199,University of the Punjab,Lahore,,,https://iubfun.com/punjab-university-admission/
200,Virtual University of Pakistan,Islamabad (HQ; online/nationwide virtual campuses),,,https://www.vstudents.org/education/virtual-university-admissions/
201,Women University Mardan,Mardan,,,https://wumardan.edu.pk/
202,Ziauddin University,Karachi,,,https://pmdc.org.pk/ziauddin-university-zu-admission-guide/
203,Test University of Tech,Islamabad,Islamabad Capital Territory,Public,https://testuni.edu.pk
